	id	rtscts	hidden	tcp	datarate	packetsize	verbose	rng	thr	rtr
0	2bd77423-d4dd-4f6a-b4d9-e408db1e453f	True	False	True	1.0	1000	True	144	2.20514	0
1	43c1dc13-9d5e-47e0-bf87-ff953deee081	False	True	True	10.0	1000	True	326	7.53684	1542
2	86773b18-9040-474f-9a5a-015399fb71b3	False	True	True	20.0	1000	True	343	8.7281	1726
3	33ba5e33-fb36-4379-a384-0e33b36ff731	True	True	False	7.5	1000	True	102	15.401900000000001	553
4	02f1644c-7b0f-459f-ad93-30b9ddb4cc00	False	False	False	15.0	1000	True	542	29.2593	2176
5	6f20ae69-dfb6-4397-8057-a9b41c1ffdad	False	False	False	15.0	1000	True	541	28.9912	2138
6	6caddd48-dfad-4cf0-997d-ea4dd1da4cdf	True	False	False	10.0	1000	True	256	20.397100000000002	0
7	f9cdf23d-733d-4c2d-b9d5-bae2a7542af0	True	True	False	7.5	1000	True	103	15.410129999999999	553
8	dfd4e723-d59d-42b9-905d-e13cf6ca5847	True	True	False	2.5	1000	True	86	5.13671	146
9	1b9a7ff6-bcf2-4752-9777-a620bc303fba	False	True	False	10.0	1000	True	394	3.0872900000000003	3084
10	6c3b6a80-28af-4e21-acae-f18ce550ae57	False	True	True	7.5	1000	True	314	7.19426	966
11	a90d0f3f-c482-444c-9250-922026124fb7	True	False	False	1.0	1000	True	212	2.05272	0
12	46dbf43c-e00d-4888-98d6-c0819c26d98e	True	False	True	5.0	1000	True	168	9.1425	0
13	ca698b90-1fab-4fa6-b327-ee6bc2029711	False	False	True	15.0	1000	True	470	12.64155	2904
14	882de042-de01-492a-8eb7-601a95696c31	True	True	False	20.0	1000	True	138	23.7147	282
15	1889d37e-e170-4e84-9f23-8182d3f430c4	False	False	False	15.0	1000	True	544	29.2314	2221
16	bf9eab21-cc98-4b90-a112-90e7a67c5e51	False	False	False	2.5	1000	True	504	5.13836	1738
17	987af0b6-d761-4cef-bdbf-576b98382e8c	True	False	False	7.5	1000	True	249	15.39532	0
18	2e1fe2aa-b6c4-438a-b013-d15fe39cbb92	False	True	True	2.5	1000	True	295	3.8425	1342
19	f8103b39-bd30-419b-aabd-655cc5b4b50e	True	False	False	20.0	1000	True	276	25.589799999999997	0
20	e501af94-4a33-4513-be5d-6567c07a4065	False	True	False	15.0	1000	True	403	5.55284	2518
21	4d6ff3b1-f23e-415c-8078-db8aecd4a612	True	False	False	10.0	1000	True	254	20.393900000000002	0
22	f96dcc18-be51-4976-b82c-480d85f3a7a7	False	True	False	7.5	1000	True	383	3.602107	2421
23	f0eb7fdd-18ef-498d-8f7a-fbd94cde30df	True	False	True	7.5	1000	True	177	9.17234	0
24	ea1eeb43-cebd-4d8b-a5eb-c4710351c623	True	False	False	20.0	1000	True	274	25.547	0
25	136a1acd-81c1-4b81-992d-dd3872d3ee53	False	True	True	5.0	1000	True	308	5.88181	1850
26	7e730b4f-c138-4312-9705-62bacbb9caf6	True	False	False	7.5	1000	True	247	15.410129999999999	0
27	158478ec-085e-423c-adc7-e7f2826a2a3a	True	False	False	5.0	1000	True	238	10.27343	0
28	65bda09a-2bba-421d-9bf1-6e854a7ad01f	False	True	True	5.0	1000	True	307	5.45454	1118
29	98d37a8e-2096-47dc-baa6-d6b75a733a69	False	True	False	7.5	1000	True	387	3.6284300000000003	2416
30	0cc08b5b-3c5f-41ef-90fe-a0db369f9b81	True	True	False	5.0	1000	True	97	10.248750000000001	377
31	a76cfd58-a2e2-48b8-8134-f7a6d2e430c4	True	False	False	20.0	1000	True	273	25.5865	0
32	4349a8e4-d705-4a0c-bf73-0056d0669760	True	True	True	2.5	1000	True	16	5.518660000000001	252
33	70a0e465-1154-40e2-bc04-3a26b8b01e0d	False	True	False	10.0	1000	True	390	4.370229	2456
34	1703ec67-cf31-409e-aa49-5d342cf734e0	True	True	False	5.0	1000	True	92	10.26849	374
35	18d6bbec-d64f-41b3-8e96-1c572412f30a	False	False	True	7.5	1000	True	452	11.0062	2572
36	3490386f-7170-4a7e-9b33-a94dea5b6622	True	True	True	10.0	1000	True	48	8.95628	154
37	2a612361-3a30-49cc-a1b0-02ec52711704	True	True	True	1.0	1000	True	8	2.20514	109
38	be32dfcc-fd01-4665-be6f-42716b087bc0	True	True	False	7.5	1000	True	106	15.34927	549
39	5d95ffaf-abd3-4d91-b406-ee401b6104f1	False	True	True	15.0	1000	True	334	8.69866	1716
40	a7fad2f4-7c0e-4ebd-a817-db886ef96947	True	False	True	15.0	1000	True	199	9.21297	0
41	323f2422-327f-49f3-a2d3-c9b5f2bf996e	False	True	False	20.0	1000	True	416	2.64813	3073
42	88c7faad-0613-4078-b6dc-b384f51fe9ef	True	False	True	20.0	1000	True	209	9.19707	0
43	639091da-53cd-461f-bebf-d886a8206ddb	False	True	False	2.5	1000	True	364	2.54944	2978
44	07e9880b-358e-4195-9d27-85dd719f7298	True	False	False	20.0	1000	True	277	25.5108	0
45	1a8b077f-5bd3-4b14-9b24-29a7ccf17561	True	False	True	20.0	1000	True	204	9.19	0
46	a3549a8d-9fc6-4154-ac55-119b8065c251	False	True	True	5.0	1000	True	302	5.978129999999999	1173
47	08623859-4714-4240-87ce-ed8cf95daf49	True	False	True	10.0	1000	True	181	9.1741	0
48	9bcd46ed-4233-4e11-8a57-c6665b48a27b	False	False	False	20.0	1000	True	555	34.4619	2582
49	8e6aebb0-ed16-42ad-9f93-ca2430f1819a	True	False	True	20.0	1000	True	205	9.17057	0
50	f3ab5991-5dd1-49b9-9c4e-b75884b2a2fa	True	False	False	15.0	1000	True	264	25.6063	0
51	ee7080bd-aa69-436f-b3c6-56a9feddf339	True	False	True	5.0	1000	True	165	9.14267	0
52	0c4435cf-27f9-4cca-aabe-05d3c80cfc98	False	True	False	2.5	1000	True	366	2.5691800000000002	2944
53	2d922294-6821-4bd0-870b-a344d75bf41b	False	False	False	10.0	1000	True	536	20.5353	3372
54	85d1a98c-d89a-4256-b755-0e0dc66e9a0e	True	False	True	20.0	1000	True	200	9.20414	0
55	54010b6e-ccdf-4cfc-94ae-5c4a08deab67	False	False	True	1.0	1000	True	422	2.20514	1432
56	e947042f-9397-4bb6-83a9-bb146efb2a85	False	True	False	1.0	1000	True	352	1.97047	2605
57	d436e309-08f2-4851-87de-ad5c188d2819	True	False	False	1.0	1000	True	213	2.05272	0
58	a7ba8818-17da-483d-b2bd-38a2d1675282	False	True	False	20.0	1000	True	414	2.70405	3079
59	ffcb06f9-cda5-4662-b400-6cc9f7542e57	True	True	False	20.0	1000	True	136	24.05852	194
60	b13bc760-f7e0-4c2f-9075-ce3bb23f9c14	True	True	False	10.0	1000	True	117	18.0254	241
61	87a085d2-b81c-41fa-8a0d-eafbf5104835	False	False	False	2.5	1000	True	502	5.13507	1578
62	36cb5064-a1d9-4b4e-afe8-c1f35d35ec55	False	True	True	15.0	1000	True	339	7.965935999999999	1310
63	a640d2aa-d788-4f17-a402-df3734ba288b	True	True	True	20.0	1000	True	61	8.969	160
64	bc253ffd-0424-4a45-9417-89d6cd9689e3	False	False	True	7.5	1000	True	459	11.59416	2694
65	c4ddeeaf-0580-4179-b6b5-df5078cc2a5c	False	True	False	1.0	1000	True	351	1.9803389999999998	2534
66	7e568d16-9c9b-40c6-8143-14fc134a5898	True	True	False	20.0	1000	True	139	23.77224	264
67	5b9d3bc0-d7d0-4423-a2a1-1ffed8e0c544	False	True	False	20.0	1000	True	412	2.72873	3081
68	5e976f66-9725-4507-9094-854e8b8e4867	False	False	True	15.0	1000	True	478	12.06924	2809
69	8499ad59-c8ab-4a3f-9f18-31fe1972a84a	False	False	False	15.0	1000	True	548	28.8251	2015
70	d0bce973-8122-4ee2-a539-409678eeb47e	True	False	False	2.5	1000	True	223	5.13671	0
71	0f4a5943-ac48-4c96-a925-31bb8c4938fc	False	True	False	20.0	1000	True	411	2.80603	2985
72	b04ae080-c855-4ef0-8807-4816462b937a	False	True	False	15.0	1000	True	408	5.403172	2556
73	8ce746ba-853a-4e70-909b-9b32390e84d0	False	False	True	2.5	1000	True	434	5.51892	2591
74	eeb756ce-aa0f-4ef6-b303-fcb87375b02f	False	True	False	7.5	1000	True	388	2.5313499999999998	2982
75	74ec0ac3-47b0-433e-8089-a978aaf1287f	True	False	False	20.0	1000	True	275	25.5701	0
76	056d98a1-683b-4d78-a52b-cfebf27fc8b6	True	True	True	7.5	1000	True	37	8.81833	150
77	411a826b-9d10-44df-9428-9028ffa35d47	True	False	False	15.0	1000	True	267	25.5964	0
78	3d46995f-fda9-4666-a675-025c21a44429	False	True	True	2.5	1000	True	290	3.45981	841
79	6bd5dff9-4d0b-49e7-9b84-4c89294a3ddb	False	False	False	1.0	1000	True	499	2.05272	1298
80	eaea3fce-4f46-43b2-96dd-701bca7de59f	False	True	True	1.0	1000	True	287	2.20481	3213
81	7a0c32cf-b26c-4ec8-bc2f-398aea022823	True	True	True	15.0	1000	True	54	8.962340000000001	145
82	3fcf75f8-ceb5-4683-9bb7-52bebc1efd9f	False	False	False	7.5	1000	True	528	15.40026	4418
83	51af8dbc-1ba0-44c6-b548-567c6e9fde45	False	False	False	15.0	1000	True	545	29.122799999999998	2148
84	a03c84e0-1e51-4a13-b34b-88814cc3fd41	True	False	False	10.0	1000	True	257	20.421799999999998	0
85	3eee08cf-d331-4d5e-b288-448ad0c9fb1f	False	True	True	7.5	1000	True	316	6.542834	928
86	f218d448-ca1f-48a2-8a21-7a8b877fe855	True	False	True	7.5	1000	True	174	9.182939999999999	0
87	dda195c5-7420-4113-97ae-dfdf651cbcc5	True	True	False	10.0	1000	True	116	18.35597	230
88	154dd097-0d00-445f-8fd1-4baa6438ab7a	True	True	True	2.5	1000	True	18	5.5188299999999995	270
89	bc3c6475-b7cc-4137-bd82-b5770aa9e732	False	False	True	20.0	1000	True	483	11.209	2670
90	57ef41f3-528f-4f3b-ab39-138046259541	True	False	False	15.0	1000	True	268	25.563499999999998	0
91	e84ab75b-ba7a-42fa-b407-6cf6389466ec	True	True	False	2.5	1000	True	83	5.13836	161
92	7d739e74-ebdf-4a08-aa77-24964156b690	True	True	False	20.0	1000	True	130	23.805210000000002	277
93	99b61727-835c-4d74-b734-d2d48a7509a7	True	False	True	20.0	1000	True	206	9.202359999999999	0
94	dbd008db-65c7-482d-8639-31a9df64b740	False	True	False	2.5	1000	True	363	2.482	3021
95	11e09e11-124c-4220-b214-960ed1192c04	True	False	True	2.5	1000	True	158	5.51892	0
96	6bdc08b5-2aff-4dca-a61b-b6e14ebf188c	False	True	False	1.0	1000	True	350	1.9803389999999998	2603
97	8020af54-eef3-4861-b044-f2194defb066	True	False	True	15.0	1000	True	198	9.16704	0
98	b2f720b9-51a6-46bb-bbc9-56f647b3331f	False	True	False	7.5	1000	True	385	3.71889	2387
99	3f0d7711-5bbb-4e64-8eaa-c64282b3378c	False	False	False	10.0	1000	True	532	20.5387	3282
100	f7d52eaa-3eb2-4016-9d8e-c5e11574ffe1	False	True	False	2.5	1000	True	362	2.61359	2951
101	d0f82a0f-6814-44ab-9a80-a1c071b5d00d	False	False	True	10.0	1000	True	462	11.78131	2743
102	46dc2d08-6424-4688-9d1a-d4e0f8a1d474	True	True	False	15.0	1000	True	127	21.51068	228
103	74eb65b7-e267-44a7-936c-5c5dbacf0cea	False	True	True	20.0	1000	True	345	10.01834	1248
104	214425f0-263d-4f07-a627-9c8a6fadb746	True	True	True	7.5	1000	True	38	8.89241	136
105	ca65ecc4-fd58-4696-9eec-1e4e594f67bc	True	True	True	10.0	1000	True	41	8.8803	142
106	0d403bba-5cd7-4433-83ce-cbd4c87e5d0c	False	True	False	15.0	1000	True	405	5.363700000000001	2515
107	8a4a3a2e-2a43-41e8-9d15-d9831c4a01f7	False	True	True	1.0	1000	True	280	2.1383	1746
108	27b27ed2-b8d4-42f1-8f09-ca8fbb3eaa57	True	False	True	15.0	1000	True	194	9.19531	0
109	4cd72f0e-81ec-49f0-aa8a-2d9a4a02e74e	False	False	False	5.0	1000	True	519	10.27014	3365
110	07b2b35e-af5f-4e09-a74c-439cf9c090a8	False	False	True	7.5	1000	True	458	12.69639	2857
111	cee4966c-01b3-4537-ba4c-3a9d9803d453	True	True	True	10.0	1000	True	46	8.89596	160
112	5aba5a07-6933-4bb7-b16d-ff149241a478	True	False	True	7.5	1000	True	176	9.1635	0
113	84598cfd-2866-4ce9-917c-90d8f99ae5d5	True	True	True	15.0	1000	True	58	8.812750000000001	147
114	eb3eae13-76c5-40b7-9495-ada82cf6a542	True	True	True	5.0	1000	True	21	8.740870000000001	173
115	53f14c9c-5749-4aa3-9813-b4e7145e437a	True	True	True	20.0	1000	True	66	8.84723	130
116	193192fb-78ed-419e-b118-290b85f320d4	True	False	True	10.0	1000	True	183	9.1953	0
117	c6c92416-f12b-450b-84fe-af38ae1f5404	False	True	False	5.0	1000	True	379	3.13499	2450
118	c6d281aa-2fc1-48e4-8a93-f95a93cba9c6	False	False	True	20.0	1000	True	481	12.21761	2825
119	3958b8b5-a6fc-4cfa-a598-bbf2b9687877	False	False	False	7.5	1000	True	522	15.398620000000001	4075
120	d3476760-1f4e-445f-83b7-1d4cb5a095e3	False	False	False	15.0	1000	True	543	29.1081	2087
121	1f4b90c9-a29d-4f6b-acfe-5295bb436deb	False	True	True	1.0	1000	True	289	2.2049	3190
122	325b21fd-a8ee-4623-929e-717289fd579c	False	True	False	1.0	1000	True	357	1.978695	2563
123	ac256ed3-815a-4207-8b30-c8a2c03d701d	True	True	True	20.0	1000	True	64	8.979109999999999	141
124	06051858-a9f4-45f8-9b61-efedfd104657	False	True	False	20.0	1000	True	413	6.23379	2526
125	3d664fa9-c26b-4956-aa1a-e1928c716389	True	False	False	10.0	1000	True	252	20.4251	0
126	fb65263b-d6e8-45ce-b7b3-c9650de0cb03	True	False	True	10.0	1000	True	182	9.21473	0
127	59b553c9-16fc-48b1-9c1d-6868743a64d0	True	True	True	2.5	1000	True	15	5.51874	238
128	f8842726-ae0a-46d9-8ecb-78c2749ebd89	True	True	True	7.5	1000	True	31	8.72932	132
129	517915d9-cd31-499f-b122-962d6635c175	True	False	False	2.5	1000	True	229	5.13671	0
130	067bf9e6-dd0e-417d-8bd7-19d9290ebed0	False	True	True	2.5	1000	True	294	3.684	1046
131	6f12974f-b576-407b-91a6-1cb2343ceb1d	True	False	False	15.0	1000	True	261	25.5076	0
132	d703009d-f625-47ee-939c-d30b814b4f39	False	True	True	10.0	1000	True	328	7.7877279999999995	1722
133	2093928e-5834-490c-9dba-684c29023b38	True	False	False	2.5	1000	True	227	5.13836	0
134	7f9d7a69-c0a5-486a-8ce6-fe5e549e975f	True	False	False	10.0	1000	True	259	20.3593	0
135	eaf65e7b-91ee-49f3-8ca1-f4cdd09d05c6	True	False	True	2.5	1000	True	152	5.51875	0
136	98043d0d-695d-4259-b486-faf2ae675630	False	False	True	2.5	1000	True	439	5.51858	2747
137	5982264c-0358-42ea-a61b-2f4d5b834c56	True	False	True	2.5	1000	True	155	5.51892	0
138	08fee23a-58ed-469a-90e7-f91edc25a73e	False	False	True	15.0	1000	True	471	11.90319	2861
139	e9d5b712-2233-495a-8ece-4c14a5b5a429	True	True	True	15.0	1000	True	56	8.717849999999999	125
140	b165f5cd-fc5c-4fbe-867c-0a02f23ed818	True	True	False	15.0	1000	True	128	22.341299999999997	222
141	5aa92bff-5ae7-4a6c-8fb2-01c6db66e794	True	True	False	15.0	1000	True	129	22.2147	269
142	bbda7bdb-2179-4367-9fb7-b0d0cff63ab7	False	True	True	1.0	1000	True	282	2.2049	3218
143	f3056c39-b821-49b8-9c4b-aa517285c208	False	False	True	10.0	1000	True	465	11.631170000000001	2710
144	7fb18fd3-20b9-4bd0-afbe-87ce1115d725	True	True	False	7.5	1000	True	100	15.38711	540
145	ad5c2574-38bd-4902-be22-ed0da1204091	False	False	True	7.5	1000	True	453	11.15255	2726
146	d0fb02de-31a1-4279-a174-218a093392e8	True	False	False	10.0	1000	True	253	20.407	0
147	485e7279-cf52-4bec-9fce-4a42e27dbb1d	False	False	True	7.5	1000	True	456	11.40523	2725
148	6e7a16b5-b246-40a6-a513-3fd167163dd7	True	False	True	7.5	1000	True	179	9.21482	0
149	db258efd-d401-455b-be6e-fb04bbc2f2c6	True	True	False	10.0	1000	True	110	18.15365	306
150	f48b00c9-ea86-4610-bbf3-5dd3e2faf28a	True	True	False	2.5	1000	True	82	5.13671	167
151	6c78aec5-4c94-43c4-81ee-86a0a7efc914	False	True	False	7.5	1000	True	380	3.64488	2420
152	9ff82fc4-e3a7-422c-8140-abf51f608609	False	False	False	1.0	1000	True	498	2.05272	1290
153	3bd97808-23a8-4dcb-a2de-953070aecc2b	True	True	True	5.0	1000	True	29	8.76883	160
154	44a8586f-86d7-475f-9c67-06e76b6b64e3	False	False	False	10.0	1000	True	534	20.525399999999998	3447
155	c10c3919-8403-4b69-a224-01d3b113dd1c	False	True	False	5.0	1000	True	370	2.60536	2933
156	8c5c25e4-f737-4aee-8b2d-a0d3b81010c1	True	True	False	7.5	1000	True	107	15.40849	530
157	c57347f8-c020-4a8f-bb9b-e66dadc07ef2	False	False	False	7.5	1000	True	523	15.4052	4101
158	60eeaef9-ea93-4f6d-a92f-9cc63d036b02	False	True	False	15.0	1000	True	406	5.24855	2520
159	2ca26f3e-271b-454d-8a45-a0dfcdcf2c1b	False	False	False	7.5	1000	True	526	15.39368	4289
160	aec95c5e-be6a-43a8-acb6-61c036d5a11c	False	False	False	15.0	1000	True	549	29.1261	2197
161	0a33d0d6-efc7-4f58-a749-6e58dc388aa2	True	True	False	2.5	1000	True	89	5.13507	180
162	a49ec98c-6b40-4c14-835e-771c182147c8	False	True	True	2.5	1000	True	298	3.55971	1168
163	f56b9ff5-bfee-486c-96b1-a7e95c361f02	True	True	True	1.0	1000	True	2	2.20514	97
164	fc8ef7c7-2eb4-4e83-b92f-abeda5e25654	False	False	True	15.0	1000	True	477	12.219380000000001	2806
165	abfeebaf-5958-4eed-856d-ca221a908dc4	False	False	False	20.0	1000	True	551	34.7513	2543
166	1ac7409b-4bc1-426a-8574-4b0780a52f36	False	True	False	1.0	1000	True	355	1.9967890000000001	2589
167	be5212c0-e292-4ba4-a046-8450a6a8b60e	True	False	False	2.5	1000	True	222	5.13671	0
168	fbf290e5-45ce-47fb-a995-f40c48219fe4	True	False	False	1.0	1000	True	214	2.05272	0
169	f19572f7-ef63-47a6-9629-466a814b3f46	False	True	True	2.5	1000	True	293	3.502382	1080
170	f816a897-8066-45cb-833f-ecd44aae2b74	True	True	True	10.0	1000	True	40	8.84712	164
171	0fd625e5-07e3-467a-a33a-5c7c657f27fc	False	False	False	10.0	1000	True	531	20.5172	3330
172	664d996b-6c44-496b-aa67-ea1f51f6d7aa	True	False	False	1.0	1000	True	215	2.05272	0
173	c441e420-c0d5-4c63-b398-2390d16c8fd4	True	True	False	1.0	1000	True	79	2.05272	58
174	851e8441-0f48-4071-9630-953ebfc50a4f	False	True	True	10.0	1000	True	321	9.0075	1353
175	7f37cc75-4402-4cce-89db-df0c43388a34	True	True	True	10.0	1000	True	42	8.82352	150
176	939a33d4-2b81-4a79-8223-ec8d0ee908bf	True	False	False	2.5	1000	True	228	5.13836	0
177	a24f567c-1969-41b5-b33b-74b6f5d9d5f2	True	False	False	15.0	1000	True	266	25.5141	0
178	4120378c-ff7d-4d23-bb03-7dfc1a3cc568	True	False	False	7.5	1000	True	241	15.40026	0
179	1a1c4b97-4d0c-4d25-94b9-de9b65463a85	False	True	True	1.0	1000	True	285	2.19991	2143
180	cfad1ed7-f3ee-4c37-8ab9-9a7c0dd2fe05	True	False	False	5.0	1000	True	231	10.27507	0
181	41692e31-9b5f-49d7-95d0-074b345ce5f1	True	False	True	7.5	1000	True	170	9.198830000000001	0
182	06ea73b4-1131-4791-abaa-d40247c28b3c	True	True	True	7.5	1000	True	34	8.798639999999999	127
183	15c2a8ea-7336-474f-acb5-d3560e87290c	False	False	False	15.0	1000	True	540	29.1952	2130
184	cfc90c85-c33e-4b1e-a92d-645674f2abe4	False	False	True	20.0	1000	True	488	12.19464	2856
185	f5bbb8b9-deca-46fd-8fcb-036ba319fae7	True	False	True	5.0	1000	True	161	9.1589	0
186	ea36a6c3-99af-42a9-966f-b94313d2a7aa	False	False	False	1.0	1000	True	491	2.05272	1278
187	47518f79-18de-496f-a6c3-54bd8475b907	False	False	True	1.0	1000	True	427	2.20514	1463
188	d21b9b67-9ff9-4501-9b2f-70a9e79744a9	False	True	True	15.0	1000	True	336	8.99427	1641
189	0c098890-ae30-4e00-9a35-09bc704a77d9	False	False	True	7.5	1000	True	450	11.989920000000001	2811
190	99c50887-797c-4783-b508-d1101f276d58	False	True	False	5.0	1000	True	378	2.59056	2928
191	88db0a1f-faac-4433-91e5-ba4c025aa536	False	False	True	15.0	1000	True	476	12.03744	2906
192	a65a5568-e2ea-40e8-b266-3400793a57fb	False	False	False	10.0	1000	True	537	20.5452	3583
193	d85c0c1a-1471-40e8-933c-89d4b99e9dba	False	True	True	10.0	1000	True	323	10.024610000000001	907
194	99542fc9-d318-4319-b997-fe17417311fe	True	True	False	2.5	1000	True	81	5.13836	149
195	a49a5d04-9e47-4f32-b0cb-437f0daab631	True	True	False	2.5	1000	True	84	5.13671	147
196	a069ee32-7ead-4ca8-a1d1-e99865532d5e	False	True	False	2.5	1000	True	361	2.5379300000000002	3013
197	8c1bdd06-c194-4745-b905-898ace19e2da	True	True	False	10.0	1000	True	118	18.29017	261
198	790a6f74-ceac-4bad-98ab-341dc419757f	True	True	False	10.0	1000	True	111	18.65203	255
199	1ad90cc2-0a2c-47f8-b3aa-c8ab2c0b4ff3	True	False	False	15.0	1000	True	260	25.5964	0
200	63caae89-51d6-4e8c-a0ba-7dbd6da06541	True	True	True	20.0	1000	True	68	8.92069	142
201	1c7e2d48-a916-4eef-96d0-3650c1148664	False	True	True	10.0	1000	True	324	7.879580000000001	1760
202	0ba33557-f889-408b-81a3-9c30d6a0bccb	True	False	True	1.0	1000	True	149	2.20514	0
203	58886f87-b25f-4264-82ff-b202d1b95e7e	False	False	True	1.0	1000	True	420	2.20514	1479
204	c5b1dfa0-8391-4b55-822e-407cfafb0954	False	True	True	5.0	1000	True	303	4.83485	993
205	a23e2a1b-56a2-4e12-a321-e290c80ed71e	False	True	False	15.0	1000	True	407	5.26007	2520
206	a0144a99-66bf-4323-9096-9a4f3bdf875e	False	False	True	7.5	1000	True	455	12.249410000000001	2880
207	0004eace-da6c-44c0-aa69-1f73e57638a9	False	True	False	20.0	1000	True	415	6.429530000000001	2504
208	dbaa359e-48d2-4963-9886-8083845e94ae	True	True	False	10.0	1000	True	112	18.87408	213
209	c8e4d0c0-49b9-440c-ae9c-92e1297ec2ae	False	False	False	5.0	1000	True	512	10.26849	3405
210	9ba6d85d-c6c1-43cb-af8b-311e0f0fe199	True	False	True	15.0	1000	True	195	9.21827	0
211	1c05ea10-89a3-4ac0-b24f-ef15d538864c	False	True	False	20.0	1000	True	410	6.35057	2487
212	c300d0bb-0c6b-4ed3-87ea-5eb2e109a1a3	False	False	True	10.0	1000	True	469	11.80251	2730
213	92ff62ab-b5fb-4c21-93fe-24f19c798184	True	False	True	2.5	1000	True	157	5.51892	0
214	9c550c74-0821-4d25-9dc8-ac1d7304a553	True	True	False	10.0	1000	True	115	17.84115	252
215	4cc76696-4514-447c-b2ba-fc4f4ee50582	False	True	False	2.5	1000	True	368	2.5625999999999998	2950
216	2dcf37ae-5a34-4ea9-b6d8-ed7b593e54d5	False	True	True	2.5	1000	True	297	3.52217	947
217	4e79e410-bf49-41ea-a385-c9636a333722	True	True	True	20.0	1000	True	65	9.08521	135
218	eac0489e-d986-451b-b3d2-f39e21ebe50d	True	False	False	20.0	1000	True	272	25.501	0
219	6b016ba8-d0b5-4cb8-9760-890c94ad361f	False	False	True	5.0	1000	True	449	11.02544	3292
220	6b2fb3e1-9a60-4bc7-8c6c-396cf92640da	False	True	False	7.5	1000	True	382	3.65639	2411
221	2f51b318-ad6f-4392-9b61-8b348afcd64d	False	False	False	1.0	1000	True	490	2.05272	1280
222	ebb1b420-5891-48ec-ba81-5e0dd382d745	True	True	True	20.0	1000	True	63	8.90336	128
223	f80c65e0-3a0a-4820-bd10-797faafcfe72	True	True	False	20.0	1000	True	133	23.9894	262
224	3d437838-35d9-4eaa-823f-d2045272bc9a	False	True	False	10.0	1000	True	395	2.87018	3170
225	f46cd15d-58d1-426d-b3c7-9db6c572ec74	False	True	True	15.0	1000	True	332	9.37874	1625
226	6bd1a449-4b81-4e33-9318-1dc57e3bfae5	True	False	True	20.0	1000	True	208	9.198830000000001	0
227	fe075f78-a4f0-4ace-af2f-8b1ebb0b1546	True	True	True	15.0	1000	True	50	8.80976	135
228	521d4237-50a4-4703-b221-0f43652d3b7f	False	True	False	2.5	1000	True	367	2.5379300000000002	2972
229	7fc3bb16-8068-4ede-bd01-f6aad840900a	True	True	False	20.0	1000	True	135	23.43515	202
230	b27a3140-2986-4787-bf5a-96e895ce1a4a	True	False	False	10.0	1000	True	251	20.3676	0
231	69125dae-7107-4f72-9d70-5c33e34e9857	False	False	False	5.0	1000	True	514	10.2652	3516
232	d3f4092b-108e-4247-81ce-8d9d0d450ff5	True	False	True	2.5	1000	True	151	5.51875	0
233	1237c7e2-3571-4c1f-b6ca-9b448bbec124	True	True	True	2.5	1000	True	11	5.518660000000001	231
234	40fb76cf-409d-4482-be2c-1077c79e10c1	True	False	True	5.0	1000	True	162	9.13577	0
235	7a81b3b8-5d56-4ed8-bc48-1d44c87f7f03	True	False	True	5.0	1000	True	163	9.13013	0
236	c67fbe58-57f4-4d26-9628-0dc0308ca805	False	True	False	10.0	1000	True	393	2.8751100000000003	3045
237	c6fa4017-ad0d-4724-bff0-d40599a0443c	False	True	True	2.5	1000	True	292	3.59836	1061
238	12f4146f-230a-410b-a13b-81352f2862f7	True	False	True	7.5	1000	True	178	9.18647	0
239	a755844a-9612-442c-bd54-5ed4207c2c1d	True	True	False	1.0	1000	True	73	2.05272	78
240	945bd21b-c07c-4f0d-8bc0-8bc601920f79	False	False	True	10.0	1000	True	461	12.69455	2906
241	b2c93089-8362-4294-8b5c-d372a21d8b20	True	False	True	1.0	1000	True	146	2.20514	0
242	2a02c538-5bd8-4e78-8189-6db911eaf71b	False	False	True	15.0	1000	True	475	12.29533	2921
243	7ebfc669-a415-450e-a9cb-7dede174e091	True	True	True	5.0	1000	True	26	8.73442	146
244	28aa16d9-c112-4ce7-97a0-e1e76121b395	False	True	True	7.5	1000	True	317	7.423204	1156
245	1ead06ac-5c88-4b24-ae63-98fc198a432c	False	True	False	20.0	1000	True	417	2.68924	3057
246	f6288640-89c4-4388-a226-12e5edcf44bf	True	False	True	10.0	1000	True	180	9.209520000000001	0
247	e725f77d-defb-4a5c-877a-6a97ddba4996	False	False	False	15.0	1000	True	546	29.2511	2120
248	114da000-9c7e-4c45-a1bd-ec4934749718	True	True	True	10.0	1000	True	49	9.07437	138
249	eebbc379-c184-424c-ab01-8e70fef3bb17	False	False	False	10.0	1000	True	539	20.5353	3362
250	b3f2f1ad-1a5e-46bc-ac7b-f8e35ccd82aa	True	True	False	10.0	1000	True	113	18.26057	259
251	82690f0b-f70a-4425-b573-658602604d8b	True	False	True	1.0	1000	True	143	2.20514	0
252	e398887b-d3ac-45df-b621-84fff68df8ef	False	True	False	10.0	1000	True	397	4.47057	2520
253	e2db1eb8-37e6-4386-b832-67b08a2cf07d	True	False	False	7.5	1000	True	243	15.39368	0
254	f8209db0-50da-403e-ac37-aed2b1a21a52	False	True	True	15.0	1000	True	335	6.61674	1887
255	d745bc88-8885-4e31-90b9-641f006bc94c	False	True	False	15.0	1000	True	404	5.347239999999999	2524
256	49166059-5c73-4be8-9572-32087705cc50	True	False	False	5.0	1000	True	230	10.26191	0
257	dea14607-40fc-44ed-b12a-f14ded508dc1	False	False	True	5.0	1000	True	441	11.03124	3472
258	73307bd8-dd89-4b4f-8020-8019c03e6710	False	True	False	10.0	1000	True	399	4.42616	2655
259	dae1d18c-3d2e-4bea-a0f3-6c5ee5d0ef9c	False	False	False	7.5	1000	True	525	15.41013	4340
260	6e18e075-70ce-4888-ae92-5e47fe530f5e	False	False	False	10.0	1000	True	538	20.542	3445
261	b67dc16d-bb0a-4d20-a113-cdb17dfd9972	False	False	False	2.5	1000	True	508	5.13671	1822
262	e91e3995-2066-4d1d-9d6f-86d95ae4047e	False	False	False	1.0	1000	True	492	2.05272	1272
263	9db28336-d3eb-4e10-8844-63cb35c3efc1	True	True	True	5.0	1000	True	23	8.72018	144
264	a6c58717-2587-4000-b152-ccb4f0b63128	True	True	True	7.5	1000	True	33	8.99119	136
265	fde75dc5-8eb6-4051-a709-994796485007	True	False	True	10.0	1000	True	184	9.15998	0
266	a1eae1f3-cef1-4825-a447-c22cae530f2c	False	True	True	20.0	1000	True	341	9.00835	1662
267	5856e98f-8789-4e2b-b1b9-c121c85f5c78	False	True	False	10.0	1000	True	396	4.59229	2611
268	57448897-31d3-4d39-a3f4-859a1f30bf4a	True	False	True	2.5	1000	True	159	5.51892	0
269	1761b0fb-0886-496a-a129-04207cf1f7ef	True	True	True	5.0	1000	True	24	8.61397	126
270	a858d694-c1f8-4e73-a934-39de39677830	False	True	False	1.0	1000	True	356	1.9967890000000001	2567
271	1a916ccf-7131-4307-bffe-0dd604eec6d4	False	True	True	7.5	1000	True	311	6.77455	1659
272	0a03fb4d-bce2-40e0-98f7-e35ef093d1e6	False	True	False	7.5	1000	True	386	3.65639	2422
273	ac889f0f-caa2-4a2e-bfd7-a167227c5792	False	True	True	1.0	1000	True	283	2.2058	3195
274	337b3c80-ff04-4b6e-a08e-e4a21909361a	True	False	False	5.0	1000	True	237	10.27014	0
275	e7458827-3d04-4142-a50f-f900ecba8712	False	False	False	1.0	1000	True	494	2.05272	1296
276	5564af9e-97c6-4f71-8171-3b0728e6656a	False	True	True	20.0	1000	True	344	12.007901	1115
277	fe5d4b0c-aebf-433a-af63-c0aeb08f5f80	False	True	False	10.0	1000	True	391	4.27812	2634
278	80050e78-a412-4ca3-841b-9b53342374a2	True	True	False	2.5	1000	True	88	5.13671	162
279	9507e627-cd8a-41ff-ace8-b89ec9566560	False	False	True	20.0	1000	True	484	12.26708	2763
280	39bbe0c8-7ad9-48e7-adf6-fc547d161a31	False	False	True	10.0	1000	True	467	11.86433	2799
281	296738a8-f669-4dc9-8eaf-83a5cc36d76f	False	False	True	20.0	1000	True	482	12.7334	2874
282	844bab16-ae88-40e1-8b3f-5a162dc3a3ce	True	True	False	5.0	1000	True	95	10.26356	397
283	c172527e-e8ac-4639-8966-86971e635fb5	False	False	False	5.0	1000	True	518	10.2652	3389
284	d70741b1-0da2-4a30-8cff-4f856718d90e	False	True	True	2.5	1000	True	296	3.2892099999999997	1150
285	39a8b123-920e-4fa9-a338-f9f603a8b258	False	False	False	10.0	1000	True	533	20.540300000000002	3509
286	12803857-3e95-4492-8942-70b7a4b24ea1	True	False	False	5.0	1000	True	239	10.260259999999999	0
287	e9080fbd-85bb-4fd1-9419-eb015e1c9f60	False	False	False	5.0	1000	True	516	10.27178	2884
288	c48e6129-3910-4cd9-8492-01e08dec1071	False	False	True	1.0	1000	True	428	2.20514	1471
289	8389e154-a0dd-4f41-9c83-d9cd02c58e0d	False	True	True	15.0	1000	True	337	6.68973	1493
290	38d4b560-2c36-4e0d-b4b6-f0f624622cb9	False	False	True	2.5	1000	True	432	5.51867	2796
291	20b09824-d3b7-40e1-ba73-5f87bba1092e	True	True	False	5.0	1000	True	98	10.27343	383
292	bd804315-8324-487e-90ad-f95be608ed3f	True	False	True	15.0	1000	True	192	9.2218	0
293	e05e3349-a87a-4e8a-8cb8-9ebdcdd76d1f	True	True	True	20.0	1000	True	60	8.88059	137
294	451517ba-a2a4-46e0-acbb-b34df87f23cb	True	True	False	5.0	1000	True	94	10.26355	340
295	70ba839c-f9c3-41c1-b7fd-3c0f2700476a	True	True	False	20.0	1000	True	134	24.09301	204
296	2a000ea9-4e91-467a-9d0d-3ca99ff099d9	True	False	True	2.5	1000	True	150	5.51892	0
297	17138253-bd5c-48b9-9692-5ee2e709fcdb	True	False	False	5.0	1000	True	236	10.26849	0
298	ec7d956c-1e56-4548-8c68-0ab179b2eea8	True	False	False	5.0	1000	True	235	10.27343	0
299	0587dd92-276c-49d0-8b99-7f6d040a9bca	True	True	True	2.5	1000	True	13	5.51874	228
300	74c7e312-0312-48f3-b73a-70a9b3c94b7d	True	False	False	10.0	1000	True	258	20.407	0
301	593a124d-a7c5-4a2e-a1ac-381b107b3c88	True	False	True	10.0	1000	True	188	9.1847	0
302	d61351b3-b250-4625-a481-c965f425a6cf	True	False	False	5.0	1000	True	234	10.26027	0
303	b14be09f-68cc-4e69-935b-830dc71cd067	True	True	False	15.0	1000	True	120	22.33472	276
304	8ae9d46f-c9dd-461a-9ad3-152f01c7b324	False	True	True	20.0	1000	True	347	9.723793	1565
305	6baf7ce2-b24d-4d2b-a98a-615fef8b4593	True	True	True	1.0	1000	True	7	2.20514	95
306	2976042f-83ba-4a36-824a-853c4f368a74	False	True	False	5.0	1000	True	372	3.17282	2410
307	213b0e56-88cf-4676-96fe-d817105953a7	False	False	True	2.5	1000	True	435	5.51892	2682
308	eee83370-bbf4-4956-90cc-fcd85b4caea8	False	True	True	1.0	1000	True	281	2.20498	3202
309	67306d8e-8e16-4dde-b296-9a855db71ac3	False	False	True	1.0	1000	True	421	2.20514	1468
310	892e7901-92a2-4393-a9c3-de49fe58c5bf	True	True	True	5.0	1000	True	20	8.59079	143
311	fdd0a4d5-75f1-43b7-a5bb-fb0a8a092d39	False	True	True	20.0	1000	True	348	10.016459999999999	1391
312	43cf2190-5e85-4b3c-bb1d-8b6dfa2abdcd	True	False	True	5.0	1000	True	164	9.14813	0
313	5ed35030-1ff0-4150-afea-693363216b5c	False	False	False	5.0	1000	True	511	10.26191	3248
314	cd1406f4-c68d-45fd-8b69-29c4447c6af9	True	True	True	1.0	1000	True	9	2.20514	102
315	2d5a48b1-3fc8-426d-a372-56ce96b40e11	False	True	True	15.0	1000	True	330	7.84799	1902
316	c8744aa4-7c86-4637-9de0-d926e0b75672	True	False	False	1.0	1000	True	219	2.05272	0
317	0d48ae90-e835-47fe-ac10-b0b409d8e6ad	True	True	False	20.0	1000	True	132	23.949959999999997	260
318	036748f3-595c-4700-a550-e38056efbbfa	False	True	False	7.5	1000	True	381	3.62021	2484
319	beb1760e-2854-4914-8e2c-448bb42240ba	True	False	False	20.0	1000	True	271	25.5355	0
320	5b505f34-91f0-4d71-9243-fc92a7866ecc	False	False	False	10.0	1000	True	530	20.527099999999997	3419
321	c653b3fb-0b65-4e70-b0b4-d4bbd0bdbfa4	True	False	True	20.0	1000	True	201	9.2059	0
322	b7a6392a-be47-4825-b3b1-11b7f2f2b482	True	True	False	1.0	1000	True	78	2.05272	91
323	26571959-373f-4d64-be82-b15b5cf49aa1	True	False	True	7.5	1000	True	171	9.191849999999999	0
324	fe1ab79a-e849-42d5-9701-007565d7cab7	False	False	True	5.0	1000	True	447	11.03274	3681
325	a8d2c45c-20fb-41d4-914c-1768202d3b63	True	False	False	7.5	1000	True	240	15.39203	0
326	4527c4c0-8381-4360-b2ab-1012877b4340	False	True	True	20.0	1000	True	342	6.75637	1537
327	efe6a5b8-7ad6-444e-b449-62ddc974edbc	True	False	False	2.5	1000	True	226	5.13836	0
328	a703857c-0282-4eee-b51b-e1a3551b28e2	True	False	False	20.0	1000	True	270	25.5405	0
329	c283da9a-e8b0-4026-9bc3-5cdc74356d5a	True	False	False	7.5	1000	True	245	15.406839999999999	0
330	5da3c22b-2994-498f-b63d-643a6e547ae2	True	True	True	2.5	1000	True	17	5.5188299999999995	243
331	8954a5d0-cd3b-497b-a237-8de5d565806c	False	False	False	2.5	1000	True	509	5.13836	2110
332	ba0ca6aa-ef03-42ab-a579-13d27c5e9dba	False	False	False	5.0	1000	True	513	10.27178	3769
333	bdac499c-df0b-44b5-87c4-8e307d5ae73e	False	True	True	10.0	1000	True	320	7.46599	1416
334	c3b2f332-015c-4d99-b324-149759a3bfba	True	True	False	10.0	1000	True	119	18.70466	239
335	f63b6fb5-6145-43f1-95b3-a0fa634ff524	True	False	False	10.0	1000	True	250	20.4054	0
336	40bdeafd-801e-4e8a-a415-0d19485c12e6	False	True	False	15.0	1000	True	409	2.70898	3105
337	f16766bb-b47f-499b-8f3a-33805542b899	False	False	False	20.0	1000	True	554	34.7168	2588
338	1c2c553c-dd6f-4ce7-9a00-7ac17f6503fa	True	False	False	1.0	1000	True	210	2.05272	0
339	c82e7fdd-ee8f-4123-80e8-30a1a1f9d797	False	False	True	5.0	1000	True	443	11.0344	3405
340	0b8220ad-4904-457f-913c-3be285d7876d	True	False	True	15.0	1000	True	197	9.18824	0
341	14f75c86-e53e-4254-99eb-db87d93fea7a	True	True	False	15.0	1000	True	123	21.66197	208
342	b15118af-6d8c-49fb-b4f9-27faf84e05de	False	True	False	5.0	1000	True	371	2.55602	2951
343	806dddf1-4526-4197-b0bd-18812c442365	True	False	False	7.5	1000	True	246	15.410129999999999	0
344	842bac9d-8d13-44d5-9d1b-46e5531874a5	True	True	False	2.5	1000	True	87	5.13671	151
345	888fef88-387f-45ab-ad58-14a7f6b1ba70	True	True	False	5.0	1000	True	93	10.26191	324
346	deebda2f-abbb-44eb-a852-bb0bd90b7b8e	False	False	True	10.0	1000	True	464	12.49864	2883
347	f160c176-cecc-452e-b16e-591e1bea7f35	False	False	False	10.0	1000	True	535	20.548499999999997	3482
348	31b9a0f9-9dbb-4dbf-8a2b-a8f0ae16f59f	True	True	True	15.0	1000	True	59	8.947	127
349	60470ecb-5d5c-4210-ab87-12ce2675b30f	False	False	False	5.0	1000	True	515	10.26685	3636
350	ca4f57e0-bfc0-4f45-b843-55c20f7328c8	True	True	True	7.5	1000	True	36	8.81617	165
351	78cd903b-1b83-4e4e-afa3-6264d626b09d	False	False	False	20.0	1000	True	550	34.781	2557
352	cc06b1b4-7ad4-4bfa-8b7f-d97459c6dbd0	False	False	True	5.0	1000	True	446	11.032820000000001	3579
353	02fedb4e-c2eb-4ba9-a624-2f8c63a5dad6	False	False	True	2.5	1000	True	430	5.5188299999999995	2766
354	1e7d520e-bbee-4a42-848d-e906882cbba0	False	False	False	20.0	1000	True	552	34.1378	2610
355	ea6cdac4-483a-4b8f-9c81-735819ea305b	False	True	True	20.0	1000	True	340	10.735050000000001	1264
356	61644783-921f-47b9-ac39-c7c81d68d964	True	True	True	20.0	1000	True	62	8.88492	133
357	e300a009-ece1-4871-a3d2-d179631347ba	True	True	True	7.5	1000	True	30	8.92364	128
358	78aa7053-be9d-441d-a969-3d6d0a6442b1	False	True	True	7.5	1000	True	312	7.30334	1483
359	cf021f31-bdb9-4371-979c-6fe81084217e	False	True	False	15.0	1000	True	401	5.29626	2533
360	4fb00b4b-7030-4849-ae55-dd6f3b5b4585	True	False	False	20.0	1000	True	279	25.4846	0
361	e2884df2-1810-461d-ae5c-a9ae6d4ec521	True	True	True	10.0	1000	True	44	8.88593	137
362	6cecc2c8-c720-4f2a-8d9f-80236b068677	True	False	True	15.0	1000	True	196	9.19707	0
363	9f6240f9-03c6-429d-893b-b4a62e3126ab	True	False	True	1.0	1000	True	145	2.20514	0
364	263858b0-1eeb-48d3-8c3f-6e3c66dae29d	True	False	True	1.0	1000	True	148	2.20514	0
365	51b286ca-ba48-4319-88e7-4a10f0282200	True	False	True	5.0	1000	True	167	9.15486	0
366	56fe1cbe-fff6-4c0b-b925-f31a7acaa3d6	True	True	True	2.5	1000	True	12	5.518660000000001	228
367	6bafb3fe-9b64-43f9-8540-3c3e3dffafd0	False	True	False	10.0	1000	True	392	4.37188	2679
368	3b5ef862-1ec3-41a7-b8eb-ffaaa941ac74	False	True	True	7.5	1000	True	313	7.1413199999999994	1455
369	e7a6c821-f69f-4db4-8b52-ad6f125b3160	True	False	False	15.0	1000	True	263	25.5141	0
370	4d8eae58-2149-4b04-8da4-4cfa695374bd	False	False	False	7.5	1000	True	529	15.406839999999999	4274
371	bb874fee-5b50-48b8-bebd-afd70f81ceee	False	True	False	15.0	1000	True	402	5.28474	2594
372	a0d25870-1642-4099-a030-4748cfe19d5b	False	True	False	5.0	1000	True	374	2.62675	2950
373	088653c5-1c04-41b5-a8de-5b699aef3af2	False	False	True	5.0	1000	True	440	10.77471	2666
374	e14cd321-9271-4387-9013-6e28734824cf	True	False	True	7.5	1000	True	175	9.21314	0
375	8da55919-57f9-445a-a4cc-5c72687a8d4e	False	False	False	20.0	1000	True	557	34.0654	2642
376	a7d72ac5-7bb4-4ed0-9c7b-9ea0904cc7a3	False	True	False	2.5	1000	True	365	2.52806	2986
377	198dbd67-d75d-4cec-8698-3ced26cc8aa1	True	False	False	1.0	1000	True	211	2.05272	0
378	f6802841-4399-49bf-8d3d-f63b452f8ce2	True	True	False	1.0	1000	True	75	2.05272	80
379	f6a337bd-f321-46bc-ae30-92554c238f02	True	True	True	2.5	1000	True	10	5.51867	224
380	ea1c3bbf-d916-4489-9ca9-a8c01c7c5cdd	False	False	True	5.0	1000	True	444	10.41696	2568
381	0e85e30c-8f3e-4c1c-98b3-37805b5aa22e	True	False	False	2.5	1000	True	221	5.13836	0
382	72c6fc18-8e55-449b-aa15-4629bb7ef9ae	False	False	False	2.5	1000	True	500	5.13836	1598
383	57520816-db0a-46d0-9139-e2dbfde5615b	False	False	True	1.0	1000	True	426	2.20514	1471
384	e069c262-0e0d-4b3e-b6bd-8684f263a9bf	True	True	True	5.0	1000	True	27	8.68737	150
385	a7e854c5-dd53-40bd-8a5f-35a5789c41c3	True	False	False	15.0	1000	True	265	25.524	0
386	6ef5858c-0098-4d27-b1cb-80c32af339c7	False	False	True	1.0	1000	True	423	2.20514	1470
387	3245dc0a-3b05-4977-bf2d-49b1466c678e	True	True	True	7.5	1000	True	39	8.92069	138
388	88babac9-c2f1-43e4-bd61-d1965f1738ba	True	True	True	10.0	1000	True	43	8.89009	142
389	365a6328-6c0a-4a39-9af0-b630458914be	False	False	True	10.0	1000	True	466	12.547930000000001	2878
390	3d16c37d-3f10-4f24-a76d-87edbc7c7671	False	True	True	5.0	1000	True	306	5.40342	1421
391	9ce9c966-8374-4722-af1a-90001ef4961b	True	True	True	7.5	1000	True	35	8.82125	139
392	35eebe53-4e04-4df2-a429-897036d8d24c	False	True	False	1.0	1000	True	353	1.986918	2529
393	24f33084-a79d-489d-9341-3b152f82b142	True	True	False	2.5	1000	True	80	5.133419999999999	174
394	c92342a8-d207-466a-a9b5-5b1598d88a41	False	True	False	20.0	1000	True	419	2.66786	3025
395	167facde-475e-40d5-8b4d-0a95ae92ffb5	True	False	False	5.0	1000	True	232	10.27178	0
396	d66ee6f7-9775-466a-a634-0a1dc9bfb0f0	False	False	True	10.0	1000	True	460	12.35548	2896
397	c44512a8-f72f-4b7d-a078-71a19f10d87d	True	False	True	2.5	1000	True	154	5.51892	0
398	de4feb07-c9fc-437f-b176-2f6dd0e5806e	True	False	False	5.0	1000	True	233	10.27014	0
399	2b0e9e14-1133-4d11-b260-983def8c4bec	False	False	True	5.0	1000	True	445	10.97727	3434
400	4c0996be-6de6-4787-ad53-5ee309a3c059	True	True	True	1.0	1000	True	6	2.20514	99
401	49979531-a17f-4099-8e04-cabdb7983981	True	False	True	5.0	1000	True	160	9.13618	0
402	722ca912-79e1-418f-a5ff-ee6d04b1f443	False	True	True	10.0	1000	True	327	7.948	1650
403	32670360-2f78-4f07-83c9-767b0173a63b	False	True	False	10.0	1000	True	398	4.62353	2400
404	268cbb01-ee15-414c-8dfd-203da21972f0	False	True	False	1.0	1000	True	358	1.985274	2530
405	2f0cac03-a86b-45e7-9bcd-832974889b5d	False	False	True	1.0	1000	True	425	2.20514	1454
406	2efce4c4-f876-4406-9ee3-6e9311e04d92	True	True	False	7.5	1000	True	109	15.38875	522
407	be44e467-6b4f-47d5-94e6-cdc9b2b5906d	True	True	True	1.0	1000	True	5	2.20514	105
408	e3620b6b-3514-483e-9dcf-42a81c2eeb27	False	False	False	2.5	1000	True	501	5.13671	1506
409	12da2c9e-ac37-458d-a1d7-4a1377932e0a	True	True	False	15.0	1000	True	125	22.31337	279
410	37e01daf-2847-44e6-855f-e135156dcad5	False	False	False	20.0	1000	True	556	34.7218	2557
411	b050c790-2988-41b0-ad04-e432932fb19e	False	False	True	15.0	1000	True	479	12.353629999999999	2901
412	c06b642a-7c3c-44f3-901f-1c1554c83392	True	False	True	2.5	1000	True	156	5.51874	0
413	8c61f89c-ce41-4c20-9e62-a3f864605afe	True	False	False	20.0	1000	True	278	25.5931	0
414	f8075294-e16e-42ba-b6bb-553458176322	False	True	False	1.0	1000	True	354	1.97376	2535
415	0653fbce-2155-4aa2-94bf-775121c79021	True	False	True	5.0	1000	True	166	9.14476	0
416	ec1c9d7d-4047-4065-af6e-35671e50c732	True	True	True	1.0	1000	True	4	2.20514	86
417	0ac1932c-1435-48ce-a145-fc2de482d342	True	False	True	1.0	1000	True	140	2.20514	0
418	aa7f66d7-54c1-4d61-8256-aa3bbf3dc486	False	True	True	1.0	1000	True	288	2.20423	3104
419	66328cac-f8a3-4170-b122-f52c12badba8	True	True	False	7.5	1000	True	105	15.33118	481
420	96382618-7880-4626-b6bc-59ee3ddf2cd7	True	True	False	15.0	1000	True	122	21.97456	243
421	db09c9ae-c02a-4a25-ac3b-20f7cd8cd0e7	True	True	True	20.0	1000	True	69	8.88515	155
422	46e424cf-d051-4a66-bb56-682df7629e4c	True	True	False	15.0	1000	True	121	22.17353	232
423	4b8b5cea-277c-4f63-a393-db5869c6f050	True	False	False	10.0	1000	True	255	20.4169	0
424	55695417-5075-46e5-9e3f-17dec4c704a6	False	True	False	5.0	1000	True	377	2.5494399999999997	2959
425	ccfad9eb-445e-4c81-b760-516e7b12698f	False	False	True	20.0	1000	True	487	11.12598	2671
426	7fa851ab-1336-48ac-ba75-d7ca72298890	False	True	False	5.0	1000	True	376	2.49188	3015
427	5c0ac901-8887-403e-82ee-e48873e06f63	True	False	False	1.0	1000	True	217	2.05272	0
428	c014d3c4-b4a8-47de-874c-d1c7188fe131	True	True	True	5.0	1000	True	28	8.47678	131
429	25fd77bf-b834-4785-86c7-8733463c0832	True	True	True	15.0	1000	True	51	8.77183	138
430	672f5c68-79c6-4c5b-9696-8fdb0ba06947	False	True	True	15.0	1000	True	331	9.553469999999999	1796
431	27912cc5-e911-4077-b98b-47c9ff4cefd4	True	True	False	1.0	1000	True	71	2.05272	72
432	8160dcb5-7e2b-4bc4-beb4-c57fc1818f88	False	False	False	7.5	1000	True	520	15.4052	4421
433	fc1f7827-80ae-46e4-90a3-3f08a1f640be	True	True	False	7.5	1000	True	104	15.34599	546
434	f5cb7a41-0fd6-480f-b071-51494800c848	True	False	True	1.0	1000	True	147	2.20514	0
435	fd6081dc-d155-45ac-8a22-52b59779c205	False	True	True	5.0	1000	True	305	5.54181	1585
436	ef78cb10-036a-4e96-9ea2-574d7fec5ca9	True	False	True	20.0	1000	True	203	9.179400000000001	0
437	cde3f5c3-c38c-4076-a592-937751a217a3	False	True	True	5.0	1000	True	301	4.91286	1879
438	a5180dab-e991-4d4a-8dea-0b1294693f93	True	True	False	1.0	1000	True	76	2.05272	60
439	ea4bdf94-9ced-4ac9-bb44-921eaab018bc	False	True	True	7.5	1000	True	319	6.93222	1620
440	7146a3d5-5f91-438d-bc57-5d3c93bb5a6c	False	False	True	20.0	1000	True	489	12.73694	2945
441	460783ac-c286-4a8f-aedd-4abc1aca1069	False	False	False	1.0	1000	True	497	2.05272	1292
442	7a120de2-5e4c-4a9c-b6f7-80fc0884f8ec	False	True	False	2.5	1000	True	360	2.57575	2920
443	b335b74a-c9aa-4a2c-91d7-713038a3f378	True	True	False	2.5	1000	True	85	5.13836	171
444	d0c2b5ab-16e4-475f-b3b6-0454016601c2	False	False	False	1.0	1000	True	495	2.05272	1310
445	554b1c1c-9b98-4a8d-9a65-a0c1d3b43a81	True	False	True	10.0	1000	True	189	9.170570000000001	0
446	224bae13-0ef2-4114-b0f2-96e111ab16c3	False	True	True	1.0	1000	True	284	2.20498	3239
447	1d977c39-8224-434a-a814-75193bc11f28	True	False	True	20.0	1000	True	202	9.17587	0
448	56c92c1e-bcb7-45b1-930d-97fe83446d21	False	False	True	2.5	1000	True	438	5.51892	2806
449	aca8a088-1678-433b-a7af-db0da3be0e5d	True	True	True	15.0	1000	True	53	8.8658	136
450	61159dad-d184-48b4-8792-eacbdaa12121	False	False	True	1.0	1000	True	429	2.20514	1482
451	1508e6c2-93fc-4da6-9109-5d7ecd7080ee	False	True	True	1.0	1000	True	286	2.20473	3293
452	c7ff4ddd-0199-4ffe-985e-2b34d53e74d3	False	False	True	5.0	1000	True	442	11.033819999999999	3250
453	a7426815-ead3-413e-8719-3126ff149142	False	False	False	2.5	1000	True	503	5.13507	1573
454	45c1f21d-dc48-4fd8-bb83-c8414fbab644	True	True	True	20.0	1000	True	67	8.80837	162
455	8f1c5954-c2ef-42cf-9457-085fcc9bbb31	True	True	False	1.0	1000	True	77	2.05272	59
456	b6bafedf-c200-4e03-86f4-3858fbbafe48	True	True	True	10.0	1000	True	45	8.89411	145
457	32928e9a-e745-419d-8587-b028d827ed88	True	False	True	15.0	1000	True	191	9.19884	0
458	21a6ec93-f815-4781-83dd-81284b1e90c6	True	False	False	2.5	1000	True	225	5.13671	0
459	9f9e5c15-fb7b-4114-b6f5-688198679956	True	False	False	15.0	1000	True	269	25.514200000000002	0
460	8b996c1f-7383-434b-b912-6909137d3521	True	False	False	7.5	1000	True	248	15.392040000000001	0
461	d61f9d0d-5528-4062-9c91-cd08deff7d59	True	False	False	15.0	1000	True	262	25.5766	0
462	8ba19852-2ea0-4041-b8e3-092c1c551ca9	False	False	True	20.0	1000	True	486	12.229970000000002	2810
463	10c3dd9f-b817-47b8-812e-5d9ee6fd3e85	True	False	False	7.5	1000	True	242	15.39697	0
464	62f1974f-f1bd-4a7a-ba00-c14b9ace78fa	True	True	True	1.0	1000	True	1	2.20514	102
465	45059c0d-630e-4312-b5df-6b21d9ec4441	True	False	False	7.5	1000	True	244	15.40191	0
466	e8d44e1f-d20a-4802-b42a-24b73b49f60b	True	True	True	15.0	1000	True	52	8.85825	128
467	b61f4afd-786b-4b49-943a-06525a872b45	False	True	False	7.5	1000	True	384	3.6415800000000003	2451
468	4ce75a93-92f8-4aea-a5e1-12a6d2c8ccab	False	False	False	5.0	1000	True	517	10.27178	3717
469	25dadff2-4afe-4167-a639-056539e32574	False	False	False	7.5	1000	True	524	15.41507	4439
470	33c55c14-c758-4ad8-bb8f-2688d4be505f	True	True	False	5.0	1000	True	90	10.27178	333
471	b35905c3-ff00-4d56-b52e-5c574ea89773	True	False	True	10.0	1000	True	185	9.202359999999999	0
472	c888ffe6-7922-4334-bec6-da5208691d15	True	True	False	15.0	1000	True	126	22.73934	275
473	22c78b29-3b48-4ee4-8958-1bcf921afae4	False	False	True	2.5	1000	True	433	5.518660000000001	2879
474	5fbe428c-6771-45e4-b4db-d991c58a5147	False	True	True	20.0	1000	True	349	9.55113	1495
475	9ec855e2-32b9-456f-9a90-dd636cfb6094	True	True	False	1.0	1000	True	74	2.05272	84
476	c3d40c9b-b343-4f84-bc22-44cf6743831d	True	False	True	15.0	1000	True	193	9.19177	0
477	a5ec73c1-d215-481f-8d2a-caa76fdce8f6	False	False	True	2.5	1000	True	431	5.51875	2619
478	e2beaaa4-ff37-4ee4-8ae9-46ea89511d0c	False	False	False	7.5	1000	True	527	15.39368	4419
479	c4461d39-4555-4280-ba69-30e4bf5de269	False	True	True	5.0	1000	True	304	5.07322	1090
480	5cce2262-1427-4641-a295-39a8210e4a9a	False	True	True	10.0	1000	True	325	8.718762	1762
481	7b8eecbd-4d77-4940-90fd-0cf22ea837bf	True	True	True	1.0	1000	True	3	2.20514	124
482	5b5d6fed-ca52-468e-9f88-beecb85222f6	False	True	False	15.0	1000	True	400	5.28474	2502
483	0926becc-5b1e-400d-8b4c-f7a18386d651	False	False	True	10.0	1000	True	463	12.04989	2794
484	328aaec3-5b95-42eb-80b4-b374ad5a7814	False	False	True	15.0	1000	True	474	11.6506	2731
485	5908dd66-526e-4be4-a7b3-c32344c69e35	False	False	True	1.0	1000	True	424	2.20514	1442
486	2a185b72-2f0c-4aa1-b3d3-377559ed1c0d	False	False	False	1.0	1000	True	496	2.05272	1272
487	e62130e0-2351-400e-bd2b-e0ce30e52ebe	False	False	True	15.0	1000	True	472	11.705359999999999	2851
488	01ef6329-b673-4fa2-95c4-a5dc9900ade6	True	False	True	7.5	1000	True	172	9.20413	0
489	f07a6b67-94be-4193-91cb-98389de6950e	False	True	True	15.0	1000	True	338	8.42389	1774
490	5faf8b3b-ba65-47cd-9d55-8e18c4a71538	True	True	False	7.5	1000	True	101	15.40849	499
491	3a84fee4-5e8b-4be2-8924-8fd608347009	False	True	False	5.0	1000	True	375	2.53464	2961
492	3d4675e8-d2c8-4f06-ae3d-cffae4f9a6d0	False	True	False	20.0	1000	True	418	6.19103	2561
493	fcb4f381-0333-4616-bfc4-264c44a7b2d3	True	True	False	5.0	1000	True	91	10.27178	387
494	e5ffe900-3221-41fb-b8cb-9c46992c7a2e	False	True	True	5.0	1000	True	300	5.393821	1440
495	3c8deee3-e05e-4876-ba17-dbb0789af6b8	False	False	True	2.5	1000	True	437	5.5188299999999995	2676
496	caebc244-b167-4603-bf19-ccfb1f273d00	True	True	False	1.0	1000	True	72	2.05272	79
497	1e5575e0-de5d-4d18-8bfe-f90240eea293	False	True	True	7.5	1000	True	310	7.182484	1571
498	6d50211c-58b9-4709-a395-510cedca8137	False	True	False	2.5	1000	True	369	2.56096	2953
499	4ee07b42-5dd0-451d-a153-320c0c1f5db2	True	True	False	20.0	1000	True	137	23.73443	273
500	5a9574a2-bea0-41c3-9d2b-500b33e6e101	False	False	True	7.5	1000	True	451	11.585329999999999	2646
501	e0700600-5ecf-424f-8d39-aada3d7576f5	False	False	True	5.0	1000	True	448	11.03398	3601
502	a6f82129-993e-472e-865c-5b812a8ca59d	False	True	True	2.5	1000	True	299	3.8471900000000003	2067
503	2689cf16-e6d0-486e-8f78-9fc379c9157a	False	False	False	7.5	1000	True	521	15.40191	4106
504	5330aad8-4c97-4cae-ab37-b3ae10224a2c	False	False	True	20.0	1000	True	485	11.99328	2736
505	18c9d461-660b-4aa3-828b-d0703122a6d7	False	True	False	1.0	1000	True	359	2.01982	2548
506	5f0be625-5f80-433f-b4c7-e6c0f35ab7f3	False	False	True	20.0	1000	True	480	11.860800000000001	2782
507	f8ae4ff4-b069-4f1b-9a5b-f5032ba08967	True	True	False	5.0	1000	True	96	10.27178	339
508	f0b51d98-f4ba-401a-b91b-9ada15425852	True	True	False	5.0	1000	True	99	10.27178	322
509	0ce63828-42a2-4c84-91a3-5670e5e7323a	True	True	False	15.0	1000	True	124	22.6177	255
510	b7e9b9a8-cee2-423a-82bc-8f31f73559df	True	False	True	10.0	1000	True	186	9.163509999999999	0
511	e847ef41-00d8-4434-b7b8-19c2d2a6bd72	False	True	True	20.0	1000	True	346	10.190100000000001	1216
512	01f26538-9cee-43b6-b6e3-bfcaa5dc5bff	False	True	True	5.0	1000	True	309	5.834899999999999	1051
513	52dc6ac5-f5ba-45a6-a2c4-790bedd10788	False	False	False	1.0	1000	True	493	2.05272	1272
514	8568f29b-c0c2-4862-b68e-01141855f204	True	False	True	10.0	1000	True	187	9.17763	0
515	6cf5e322-08a7-469e-9f25-77758cbeb188	False	True	False	7.5	1000	True	389	3.69916	2377
516	4c322665-f9ce-424c-9b60-d14057a13d9b	False	False	False	5.0	1000	True	510	10.27507	3536
517	d714e111-ad1b-45f8-8d79-0e04de3a6a89	True	True	True	2.5	1000	True	19	5.51858	243
518	fbc2c0f3-fff6-433c-b9a7-d1e82ff582a2	True	False	False	2.5	1000	True	224	5.13836	0
519	39e9d3d2-dd09-4579-b2f2-2329f6ccc667	True	False	True	20.0	1000	True	207	9.19177	0
520	0dd55cec-043e-41b7-851b-065c3c58103d	False	True	True	10.0	1000	True	329	9.0983	888
521	cc02c88d-0fb5-463e-aef5-9671a3398982	False	False	False	15.0	1000	True	547	28.9814	2176
522	ca7db513-8723-4b0e-acad-cfa2d50ab75f	False	True	True	2.5	1000	True	291	3.51572	1110
523	00634ce7-c3ef-4f0b-bbd0-4fcb08e21eb5	True	True	False	20.0	1000	True	131	23.7131	222
524	4c008b60-804c-4856-b7d4-382f9031dc70	False	True	False	5.0	1000	True	373	2.54122	2931
525	70fa5910-c9b7-4327-a956-bd04838537af	True	True	True	10.0	1000	True	47	8.85687	98
526	a51e6b6b-5657-42e7-8a5f-8c5e5e78e6d1	True	True	False	7.5	1000	True	108	15.39533	518
527	e49acdf5-5623-4e83-88b7-ecfac1586f51	False	False	True	7.5	1000	True	454	12.19136	2734
528	809dfe4d-448d-499f-94fa-28c5d9c7e03e	False	False	True	7.5	1000	True	457	12.30635	2880
529	1643df3e-39aa-4f57-af0e-a053e213a0db	True	True	True	1.0	1000	True	0	2.20514	105
530	3d65f4d3-aff0-46c1-96cf-8ef6898e4c6d	False	False	True	15.0	1000	True	473	11.325579999999999	2736
531	f3f5b263-4005-4247-863d-1a993eec9eca	False	False	False	2.5	1000	True	505	5.13836	1867
532	0e7b12e4-ddef-475c-9ea9-ba7afeb0bc5f	False	True	True	7.5	1000	True	315	7.55494	1127
533	182e4883-43b1-4e88-b934-4a894fd41527	True	True	False	1.0	1000	True	70	2.05272	67
534	67758963-7352-4d8c-8896-35751ebab087	False	False	False	2.5	1000	True	506	5.13836	1764
535	65180733-2a6e-491b-b7c4-4927ebd0b224	True	True	True	5.0	1000	True	25	8.61571	147
536	c4f490e0-8633-49d5-a1ae-9deb9ecc8245	True	False	True	2.5	1000	True	153	5.51875	0
537	ec8d9192-82fe-44fb-a2d6-2282b5fa2d47	True	False	False	1.0	1000	True	216	2.05272	0
538	e8975a5a-2472-4ab7-8a8a-86751e30dcf0	False	False	False	20.0	1000	True	553	33.7973	2591
539	19f9410f-5594-436b-8a92-e186f98c1529	True	False	False	1.0	1000	True	218	2.05272	0
540	8e0f9de8-6a58-4764-8cae-9a4299b15b11	False	False	True	2.5	1000	True	436	5.51858	2822
541	41f545b1-fc35-4e90-977e-5ce08ec170ae	True	False	True	1.0	1000	True	141	2.20514	0
542	e1c73b51-920d-4098-9cee-e0448bed6d63	False	False	False	20.0	1000	True	559	34.963499999999996	2510
543	d0c6dffb-3438-4ed6-96e9-153fa66eb777	False	True	True	15.0	1000	True	333	7.2562	1388
544	1ec66af5-502e-447d-9c24-fb4305821527	False	True	True	10.0	1000	True	322	9.51591	881
545	75bd416f-941c-40e8-8dc8-192944d870c9	False	True	True	7.5	1000	True	318	7.989838000000001	1288
546	77b6c1c1-8833-4223-9878-5611cbfb54f2	False	False	False	20.0	1000	True	558	34.5589	2595
547	1d41827c-fa43-4843-94da-cc9a7af77955	True	False	True	1.0	1000	True	142	2.20514	0
548	b773c451-65a6-4e07-8b47-556880b4aae2	True	True	True	2.5	1000	True	14	5.5188299999999995	252
549	ffdafbd3-b3d5-4a1c-a71f-15cb7dc3bd70	True	True	True	15.0	1000	True	55	9.00768	120
550	b677463e-2cb5-44e7-8167-cd8a2a0752b3	True	False	True	7.5	1000	True	173	9.18824	0
551	b30524ae-9193-4696-84e4-d2bf047ad75e	True	True	True	15.0	1000	True	57	8.96126	132
552	b4fdadda-850a-4e1f-b06e-423147ecc261	False	False	False	2.5	1000	True	507	5.13836	1586
553	941cd295-2600-4386-af8d-40d2be7b6977	True	False	False	2.5	1000	True	220	5.13671	0
554	f100dd81-7337-40ca-a73b-8ac901dbb31e	True	False	True	15.0	1000	True	190	9.20413	0
555	8f5453e9-8620-4818-9a39-872b33e50a5e	True	True	True	5.0	1000	True	22	8.6389	137
556	a490bf03-3a60-44d2-a6f5-c2360e859054	True	True	False	10.0	1000	True	114	18.49413	255
557	92d509da-596c-492a-be3d-f2616a5191aa	False	False	True	10.0	1000	True	468	11.43333	2630
558	d8f71e33-c2b6-4fb7-91cc-571c07e74eb4	True	True	True	7.5	1000	True	32	8.96058	138
559	a37ca188-4385-4e4c-9fc2-a047f2493177	True	False	True	5.0	1000	True	169	9.09431	0
