	id	rtscts	datarate	packetsize	verbose	rng	thr	rtr
0	e3269c4e-b3ac-46fc-a91c-3056d829bbfe	True	1.0	2000	True	66	2.02476	0
1	82b3d8a8-2869-47fe-bbb5-e9bf599d0f59	False	1.0	1000	True	460	2.05272	1272
2	1cd6a152-f930-4211-b4aa-0fbd3f2c906c	True	1.0	750	True	36	2.07384	0
3	96c121c4-cc72-4b0b-84e1-358497271c46	False	1.0	250	True	431	2.22223	4591
4	93d54a2d-3212-491b-82c0-1ea9bd1a1bce	False	1.0	250	True	438	2.22312	4644
5	cced01bc-685c-479b-af0e-c14d3c6682e1	False	7.5	750	True	666	15.55503	4736
6	2a9c9afa-af13-49d8-8d25-f5fbee5a9d99	True	7.5	1500	True	266	15.262889999999999	0
7	0b664d35-0337-45fe-b914-d4f8dfc275d6	True	10.0	1500	True	338	20.3432	0
8	71478372-deb1-4a70-9ba7-79e16a2e5610	False	1.0	750	True	450	2.07384	1716
9	9967e4a9-db79-46d4-a007-87a86f5a1dc5	True	15.0	2000	True	413	29.6834	0
10	3025da04-87a9-4ce2-b73e-7e957dcdcd93	False	10.0	1500	True	757	20.355400000000003	3290
11	d5ea1744-f57c-4a72-b780-d08c1a5bd80a	False	2.5	1500	True	540	5.09008	1384
12	e6c4454e-19a7-4fff-942a-b3641478854c	True	7.5	1500	True	268	15.262889999999999	0
13	41734969-4248-4573-aa5f-8a9ac2a24159	False	2.5	125	True	492	6.11584	4149
14	8131271f-3b06-4d6e-9884-bf34b05d1097	False	7.5	500	True	651	15.82226	3514
15	be95e0f9-e12d-412a-ba30-080bd389c83a	False	15.0	1000	True	814	29.045499999999997	2186
16	cfb308fc-cfb5-4854-b159-6921c039c894	True	7.5	250	True	228	9.29855	0
17	6e3e6114-0ea7-4779-b298-65f4ef8eac30	True	10.0	250	True	293	9.311440000000001	0
18	2cf6d000-b200-4175-a174-32bcddc93d33	True	2.5	1500	True	120	5.09008	0
19	11067e7f-960a-40ed-9a69-298b3d1da6c6	True	15.0	500	True	370	15.92194	0
20	b28dcb88-4f4f-47ac-8caf-c290cdf79e09	True	5.0	750	True	178	10.36047	0
21	388d6c73-1156-4cde-9c21-25bb75373b47	True	7.5	1500	True	263	15.25311	0
22	d6fa44ea-a60f-4463-86c0-270a5f43c84d	True	1.0	1000	True	44	2.05272	0
23	c27e7dc5-d594-49f9-bd86-a9621123a683	True	5.0	2000	True	208	10.133510000000001	0
24	3a251bc1-e40b-4071-a0c1-2dc6ba1e419a	True	10.0	1000	True	320	20.3905	0
25	c284c3f0-d6aa-4f37-93c3-5cb69b63679c	True	2.5	1500	True	128	5.09008	0
26	6bda0f8c-2f0b-4869-b649-03bf3f064708	False	15.0	2000	True	832	30.3713	1788
27	74fe1cb9-6cd0-433e-8323-9057664f4f94	False	2.5	1000	True	532	5.13836	1589
28	896b0cea-1c6f-4809-b134-b948559efecf	True	2.5	500	True	91	5.27663	0
29	d63cb341-f041-4172-bf3e-61fcd5dceba0	True	5.0	1500	True	192	10.180150000000001	0
30	4e39560d-ed77-4867-9d45-948535556c56	False	10.0	500	True	723	20.1333	3049
31	994e67b5-681b-437c-87bb-700015c9abc4	False	7.5	2000	True	699	15.19215	2807
32	5681cac6-c71e-45cb-8355-e2b1842670c6	False	15.0	2000	True	837	30.3584	1583
33	513d65f6-8d21-4059-9cf9-8d14c72dbe1e	True	15.0	500	True	372	15.905899999999999	0
34	a551bb07-e39f-4897-8320-7f5f20d182aa	False	7.5	500	True	658	15.82902	3538
35	e60dff22-7075-4f13-84ce-001025b95614	True	2.5	125	True	77	5.413259999999999	0
36	911628b9-cb5d-41d7-959e-ce49c298c175	False	2.5	750	True	520	5.18459	2427
37	b6ad41ba-50e3-4e41-b476-10d898b3147c	True	2.5	500	True	90	5.27494	0
38	de001841-940d-437d-a5ab-f12209986071	True	7.5	1000	True	253	15.40191	0
39	1c05c99e-351d-44ab-9fa8-b8b6dc312ef1	True	10.0	1000	True	329	20.3906	0
40	f40fac99-203b-4b5c-8157-eab5d58efb2d	False	1.0	125	True	422	2.44727	5296
41	899c0b42-2f24-4698-a73b-4f4e8891d661	False	15.0	250	True	783	15.213049999999999	4188
42	401a5e62-41bf-45c1-97ef-af56e79d0e1b	False	7.5	250	True	644	15.23085	4128
43	3a06243b-80b8-44f9-82c0-8ed368dd64e1	True	5.0	750	True	177	10.35922	0
44	25c39be7-cab1-421e-8ba7-23e66d76fe51	False	1.0	250	True	439	2.22223	4647
45	4acaf86a-6d72-4eac-bb39-dd6a43801097	False	7.5	250	True	643	15.186810000000001	4208
46	2568a317-336d-4c6c-a99c-9882e9484ee8	False	7.5	1500	True	689	15.267779999999998	2820
47	7ef1852e-4eea-46b1-bea3-cb88345338f6	False	2.5	1000	True	531	5.133419999999999	1516
48	7cb09bf6-0a16-48a7-85d4-3c858b7fef78	True	2.5	500	True	94	5.2724	0
49	aafdca68-bb8f-4bbd-bc63-48f7ec641a2c	False	2.5	125	True	491	6.11143	4162
50	6a5c260e-baf7-4035-bfd4-9ac037d5a6d3	False	2.5	250	True	509	5.55823	6032
51	66b84181-0e25-4cb5-b38c-8630d4244cd4	True	7.5	250	True	220	9.33102	0
52	60048ebe-cbb8-4062-9bad-94bcc5e684e3	False	5.0	1500	True	618	10.175260000000002	2391
53	5f040dcf-38ae-4558-a925-2e00ca27a79a	True	1.0	125	True	6	2.44433	0
54	ecb201bc-fec0-4204-8b21-6210f2f9e2eb	False	1.0	1500	True	475	2.03408	858
55	cc17f79c-d816-4c43-863b-318e1baf0441	False	15.0	1500	True	827	30.5038	1557
56	0f90e194-3043-4f8e-9a5d-905df50c7bae	True	5.0	1000	True	184	10.26684	0
57	995130d2-0c29-4584-91cc-535c63ee8e50	False	5.0	125	True	562	9.22602	4588
58	4175780b-84e7-43fa-a919-1cc905f3599e	False	15.0	1000	True	817	29.019199999999998	2141
59	873c6880-aadd-442b-bdc5-6ac4709357db	True	5.0	2000	True	207	10.133510000000001	0
60	69a29d20-3afe-42ad-812a-62b0d8982ffc	True	15.0	1000	True	392	25.5569	0
61	e88a49f1-766d-470d-92da-0ef891237f30	True	10.0	2000	True	348	20.2638	0
62	42670e06-ebc2-4e1e-901a-381aa452c496	False	10.0	1000	True	744	20.5452	3349
63	299c2a0c-53e9-4f93-bcdb-e3e898ba883b	True	7.5	125	True	213	5.40078	0
64	cd7eac19-418c-4a46-8dc2-a871fbfe8088	True	15.0	250	True	365	9.34125	0
65	db03066a-6ca7-4bdc-bbc3-c1160b39c060	False	10.0	2000	True	763	20.2444	3145
66	8f624d94-ec47-4a90-8181-b5cca13eb744	False	1.0	125	True	425	2.44604	4918
67	3f64767d-17b1-4689-8843-ef7afb6f1362	True	1.0	750	True	39	2.07384	0
68	a7add7a7-833d-4b23-ac41-38a80e65f663	False	10.0	1500	True	751	20.304000000000002	3512
69	f99d207c-1ac0-4fd5-bb60-c69c5366ec9a	False	7.5	1000	True	673	15.406839999999999	4333
70	964a5181-4017-40f9-8811-9a3ee2980267	False	1.0	125	True	423	2.4458	5050
71	1ede8f0a-5f25-449e-8953-875ae6399a6b	True	10.0	500	True	307	15.932080000000001	0
72	cdd41a7f-bb9f-4fe1-bd39-3b8e2f39b4f0	False	5.0	750	True	598	10.370429999999999	4158
73	c8959984-3685-422c-993e-ae26ffdf37f3	False	7.5	250	True	647	15.1659	4175
74	7e4f66da-de06-4404-aed8-b77033e47905	True	1.0	500	True	29	2.11032	0
75	05c5699d-79d7-4e18-a954-c9ad9f9afbf4	True	10.0	125	True	289	5.39759	0
76	e8ca0ef2-593c-40ce-965a-3a206bdb6e56	True	7.5	500	True	232	14.71811	0
77	87fd73f3-0289-4d63-98b0-2f8a3bdc96d7	True	2.5	2000	True	130	5.06838	0
78	45d2d55f-d2ef-4a4b-abe4-f81d3fb22745	False	1.0	500	True	444	2.11032	2514
79	1eaf966a-3010-4da8-bab2-ef63182d685e	False	7.5	2000	True	692	15.19865	2656
80	07f5b470-07e3-4606-bb68-2253deb00e5e	False	7.5	125	True	632	9.202760000000001	4590
81	eb5ab6a7-08f3-4845-aeab-ce41b9e79f1f	True	2.5	1000	True	117	5.13836	0
82	ab526532-468d-4aa9-9a14-eb0f21a21f45	False	10.0	1500	True	752	20.352899999999998	2899
83	1b7a480b-75f9-4033-94c6-66b10363d598	True	7.5	500	True	231	14.7198	0
84	01bb74b3-5b6d-471d-bc8a-eb4ab5f5177e	False	5.0	1000	True	602	10.27014	3188
85	ea6a6fd8-ae66-4f84-ae0d-31e9aed2435b	True	1.0	1500	True	57	2.03408	0
86	31118a9e-2aaf-4f4f-afce-f27ae979660f	False	5.0	500	True	586	10.55156	5724
87	fa1ac2e9-e6ed-4d6a-b8a2-cdb851046fdd	True	1.0	500	True	22	2.11032	0
88	12864dbb-1f84-431f-b451-4e735012e599	False	2.5	1500	True	542	5.09008	1154
89	2fc667e4-5af3-443c-a3d7-5ad49d034001	True	2.5	2000	True	136	5.06838	0
90	4bf9b87a-4ff2-407b-955c-c323119afd46	True	5.0	1000	True	188	10.26684	0
91	444f8e68-0517-4645-b182-928e733b8d71	True	1.0	250	True	19	2.22178	0
92	1437a056-ea52-4fc7-97cb-799c7d5dc90b	False	10.0	1000	True	748	20.5287	3479
93	c2daac73-6ded-4d00-a3cd-44e7b37ffb26	True	15.0	125	True	352	5.39956	0
94	bf7c1af9-1a11-4297-aedd-d9205efb032c	False	7.5	125	True	635	9.22431	4651
95	f96274e8-8d3e-4346-b216-e22e43eabe88	False	10.0	1500	True	759	20.3578	3504
96	c3149999-7a32-4f34-8618-73facb1d8798	False	1.0	125	True	427	2.44752	5299
97	4a6d6c6b-bbdc-40ba-9625-97b5fbca326c	True	7.5	1500	True	269	15.24088	0
98	ed8f2dcc-456c-4b64-beee-0c87fe6e492d	False	10.0	1500	True	756	20.360300000000002	3380
99	43a22436-2a5c-4c73-8a82-ac3c37e37ebc	True	15.0	2000	True	419	29.6834	0
100	5b8b47dd-8b42-4d54-935a-436d4bade36b	False	5.0	750	True	599	10.36919	3832
101	1c177497-044f-4832-9716-aec3fbb3350b	True	5.0	125	True	144	5.404450000000001	0
102	f7f2503a-85d7-46ad-9e50-706df65b268e	False	2.5	500	True	519	5.27409	3784
103	31c90c7f-876d-401a-83ea-5f913eed4ec0	False	5.0	1000	True	607	10.26685	3318
104	57406382-c50d-4c87-895d-d099e7c533dd	False	10.0	500	True	727	20.1417	2951
105	aecca1a5-da79-4a82-8e0f-e7ba9583b596	False	15.0	125	True	777	9.188559999999999	4665
106	78a561b7-3a26-4a11-b3df-47f36a8549d5	True	2.5	125	True	72	5.40322	0
107	12ab6e1a-cd14-47bb-aec2-56b01be43224	True	10.0	1500	True	330	20.348	0
108	97d3e6fb-796a-4f82-bf5c-417a2709b4e9	False	10.0	125	True	702	9.21378	4586
109	050e0691-a76d-40fa-a747-c34722cf5c65	False	15.0	1500	True	822	30.5062	1534
110	5d6e2d10-543e-48d4-aa78-66d40bcd4a5d	True	15.0	250	True	367	9.32746	0
111	052d1481-07bc-4797-ac28-94586e17373f	False	5.0	750	True	592	10.37168	4520
112	34b789ea-edd3-4976-afdc-664a69a02c73	False	15.0	2000	True	839	30.3616	1157
113	25cbacbb-1cc4-427c-b4f2-d99b7ea4d699	False	5.0	750	True	594	10.357980000000001	4356
114	54cdd56c-5d4e-40af-9026-ef6618febf0b	False	1.0	250	True	435	2.22312	4618
115	e8026ea6-4c84-41e3-8735-f8f3bed2e558	False	2.5	250	True	507	5.55778	6052
116	37656c7a-04cf-492a-8a85-34f3842c1025	False	10.0	1000	True	745	20.5419	3425
117	b141f41d-b683-4ca9-9a09-41a94f3ebf19	False	1.0	750	True	455	2.07384	1706
118	60c2ef0f-50bd-421b-932e-1ed937e91fde	False	2.5	125	True	499	6.113630000000001	4109
119	d2c49e16-f2aa-4e94-bed5-f797a28879de	True	1.0	2000	True	67	2.02476	0
120	4668f8a2-0577-4eb6-9c5a-3a6ac7fd03d4	False	15.0	250	True	781	15.19437	4137
121	557dc690-6c50-447c-92a5-057cef4e50ee	True	7.5	2000	True	278	15.19215	0
122	503f9a65-fff9-4f4d-988d-91869c028fff	False	7.5	250	True	642	15.156559999999999	4168
123	78954dd9-6202-4ce6-a386-8e8c240110ce	True	5.0	125	True	147	5.40323	0
124	8336c53f-8f57-48e0-b60a-88fe05484bb0	False	5.0	500	True	588	10.544789999999999	5607
125	dad98b1e-4fbc-49ad-840a-ec3fa58aaffa	True	10.0	1000	True	327	20.4037	0
126	4b85cbc7-7714-4286-943e-43e42d3d598a	False	1.0	1000	True	464	2.05272	1292
127	18f18aae-b736-42e9-aa90-da5cd4294239	False	5.0	1000	True	609	10.27343	3242
128	9f12f659-b9ae-49cf-9d58-1519835df25b	True	10.0	1500	True	332	20.348	0
129	7281bc2e-bcb1-4835-ac16-f02cdcbec5e6	True	15.0	500	True	375	15.97348	0
130	f33977ac-9886-48fe-9d35-299d167b803b	True	10.0	2000	True	347	20.2411	0
131	7ace8967-088e-4daf-92a1-a197713f2fe5	False	10.0	125	True	704	9.19566	4734
132	447d1eac-069a-4f8c-82ba-b393aff314bc	False	7.5	2000	True	696	15.192160000000001	2443
133	5541857b-4131-423d-9e73-5a5e4dd472e6	False	2.5	750	True	523	5.18584	2612
134	2ffe50d9-c975-4c20-941c-a73a40d62916	False	10.0	1000	True	746	20.5321	3493
135	a9cd1498-e48e-478e-8f48-f04ac51766c9	False	5.0	1000	True	601	10.27672	3465
136	d5e5ff45-c178-4deb-af48-76cc75ecf19b	True	10.0	500	True	300	15.951509999999999	0
137	728d0d49-c5db-4894-a945-d99732590c2a	False	2.5	1500	True	541	5.09008	1296
138	bff3bc2b-c80f-4f96-8c4d-f705f375e46b	False	7.5	1500	True	685	15.265339999999998	3035
139	d0a91412-ac25-4916-bffa-9ab5fc645211	True	15.0	750	True	381	21.1131	0
140	7369607c-b26e-425b-8955-37be11f03287	False	10.0	2000	True	765	20.2638	3055
141	c67a42ca-6624-4ccb-b598-4348a1e9eb2c	False	10.0	750	True	731	20.718400000000003	2484
142	da516c75-b614-4d15-aac9-7f785f35ec36	True	2.5	1500	True	129	5.09008	0
143	846eaafd-6ba9-4efd-9360-109ab88c1223	False	7.5	1000	True	678	15.41178	4158
144	cb9fa41e-bd65-41ed-95be-19ef5deb14f7	False	15.0	1500	True	820	30.498800000000003	1450
145	f91f5998-97c6-42e8-bbbe-b6fc7307f98d	True	15.0	500	True	374	15.94306	0
146	d295e4ee-a705-48b6-a01f-0a2e734a9602	True	1.0	1500	True	53	2.03408	0
147	fea3eb79-5513-4a93-878b-f50f3df023a0	False	7.5	1000	True	675	15.4052	4208
148	9ad79ba4-755a-4bdf-9fbc-4dadc1e064d2	False	15.0	125	True	773	9.212810000000001	4724
149	635e98b0-f8ac-42f0-9e17-5ace4c3501f5	True	1.0	2000	True	62	2.02476	0
150	698656fd-cc51-473c-bdff-1ae7635c4f6e	False	7.5	125	True	633	9.20472	4605
151	55425b8e-ed97-4dcf-846d-d57816d11f84	False	15.0	2000	True	838	30.4103	1490
152	71a38470-299b-4bb9-8115-00e4daa71a13	True	10.0	750	True	310	19.21971	0
153	4ed13421-58e2-4fd2-b630-3cd2eb3a04c7	True	5.0	750	True	173	10.35923	0
154	47b74975-427a-41a3-b5cf-5ca0df242750	False	5.0	125	True	560	9.179760000000002	4739
155	61a12536-6f60-4ede-84f9-a738262d334d	True	2.5	1000	True	110	5.13507	0
156	5c08451d-31a1-484b-b67a-798553175896	True	10.0	1000	True	324	20.3659	0
157	3f3988b9-7802-44e4-b10d-9b01549dc26a	True	5.0	1500	True	197	10.17037	0
158	3d2a566e-f35f-4ba7-a5c9-b2d293054566	True	7.5	750	True	243	15.53261	0
159	65a3b780-ed66-490a-95ed-21c16d0ae09b	True	10.0	250	True	294	9.31856	0
160	15a25d23-ba0e-45f0-bf7a-0eb1cf3f065c	False	10.0	250	True	714	15.11697	4301
161	700b7c3f-41a6-41d6-8e80-503e8e77db83	False	7.5	1000	True	672	15.395330000000001	4363
162	bffab4bc-821e-44eb-9a9c-2b1fcda74260	False	15.0	1000	True	819	29.1262	2174
163	78a966b4-fff2-406e-851c-b4136724b1bb	True	15.0	250	True	362	9.33635	0
164	0ad1b1cc-520a-4fce-ab9f-752a5afad80e	True	7.5	1000	True	259	15.398620000000001	0
165	38408b46-add8-4f1e-8f13-63e67403cca1	False	1.0	750	True	456	2.07384	1708
166	6898d137-667c-4a1e-868b-4e10f53b446f	False	5.0	1500	True	613	10.18504	2175
167	e240d354-5fbc-4ca7-9ce2-d67f21a2b243	True	7.5	1500	True	265	15.265339999999998	0
168	b0434b13-2d56-4ce9-8d29-e2998d38a314	True	15.0	1500	True	403	27.592	0
169	60fe1395-27b8-4da2-b5cb-14c44fdbc0e7	False	7.5	1000	True	674	15.406839999999999	4421
170	edec0eb2-d765-48f4-8678-2f2547f47668	False	10.0	2000	True	766	20.260599999999997	3202
171	44718b00-ffbb-4813-9b3f-62977faf358b	True	7.5	250	True	227	9.32479	0
172	c1c54623-53c4-4d1b-bf4a-84ac081186c3	False	10.0	2000	True	760	20.231299999999997	2858
173	a3d920cc-cb2e-4e65-9e22-273c6d60c176	True	15.0	125	True	359	5.4179200000000005	0
174	ece7a2a9-3201-425b-92a6-28ce4acd16ef	True	1.0	500	True	20	2.11032	0
175	c21dce90-dc58-422d-9482-6b0448d05cf3	True	7.5	125	True	210	5.4147300000000005	0
176	7400168d-4e5e-48a0-b600-546557d80b1d	True	5.0	1000	True	187	10.26356	0
177	4e2ca0ae-8e71-49fe-808a-fab1f813dabc	False	2.5	1500	True	549	5.09008	1172
178	759e8ac4-1609-42f6-87f0-f7fc0d9e0476	False	1.0	250	True	437	2.22223	4658
179	a01a004f-7643-40a4-9f20-9d74484e6d4d	False	2.5	1000	True	534	5.13671	1812
180	75b0f26d-5bd2-4918-a17d-1bd463408d1a	True	15.0	750	True	388	21.0807	0
181	8b631dda-19ba-4835-9d3d-1284a359d45c	True	2.5	750	True	106	5.1821	0
182	3b25bc10-a864-4f3a-a84c-eb39da0e7100	True	15.0	1000	True	394	25.575	0
183	40b84ce6-f499-4a8a-95fd-4265209acc53	False	7.5	750	True	662	15.54756	4637
184	b109e8fb-144b-45bc-8074-dab1b6e77814	True	1.0	500	True	23	2.11032	0
185	8d1144c5-4337-45bc-a8cc-3fe51ad32bfe	True	7.5	125	True	217	5.4078800000000005	0
186	b5b32ae9-8c67-4525-8916-055d5e3f7731	True	10.0	500	True	304	15.96672	0
187	56ec0866-5b28-460f-a0c8-4776bec17774	True	7.5	1000	True	251	15.39203	0
188	56b1a7ef-576f-42e3-b09f-0b2f15c94c2e	False	10.0	1500	True	755	20.360300000000002	3529
189	2ff92e59-a9f4-4e42-b0b0-6dab40098b43	False	1.0	125	True	429	2.44727	5168
190	5699c4ae-5dce-4ecf-bf81-fa0b34f4006e	False	10.0	500	True	721	20.2085	2797
191	491ff93d-52e7-465a-8103-628d71f4b6bb	True	2.5	2000	True	132	5.06838	0
192	37bef313-188a-4874-817c-3dc65f5772cc	True	1.0	250	True	17	2.22312	0
193	1f852d16-35ff-48c6-b570-1158bcacc753	True	7.5	1000	True	257	15.406839999999999	0
194	5f06f09d-4e55-48e7-a4e7-39a0e82f7ee7	False	2.5	750	True	522	5.1821	2439
195	1e7c7517-aee2-46e0-9ef1-5095b0542c69	False	7.5	750	True	667	15.542580000000001	4707
196	047f6bf2-62c7-48a9-a9ad-631b35de712d	False	15.0	500	True	795	23.9112	3595
197	4bf31050-c59f-46c2-9494-d36b2b1d1e37	True	10.0	2000	True	342	20.2703	0
198	bd5add14-e9e7-42dd-afc6-89d30ce427d8	False	15.0	125	True	775	9.22505	4606
199	b7c040a5-5fa8-4c77-8776-1701bb5dbc3f	True	10.0	2000	True	349	20.2671	0
200	09fce3cd-0ecf-4b0e-8a46-6c91f7f19153	False	2.5	125	True	495	6.1129	4132
201	36b53b59-781a-4060-9766-fb6aa33c50eb	True	7.5	1500	True	261	15.25311	0
202	ad307746-3a30-4b37-8e59-bc5dff6a18e1	False	15.0	1000	True	811	29.029	2128
203	c577f525-97dd-4cbc-b169-3db61bef6ab3	False	15.0	1500	True	825	30.5136	1438
204	41aebabf-8910-48bc-a013-77f837dc17c9	False	1.0	1000	True	463	2.05272	1296
205	ddbc69f5-7c4d-40dd-9db1-31f619d432bf	False	15.0	750	True	804	28.9777	2792
206	1e402e84-c778-4cf9-8f63-6cd2468cd9b7	True	1.0	500	True	26	2.11032	0
207	9e530696-0b92-4864-9c63-1857d6381f52	False	2.5	1500	True	546	5.09008	1424
208	5be5995c-06d5-462c-80cf-8ac64de5e19b	True	2.5	1000	True	118	5.13671	0
209	fcf63f0c-4095-4761-9141-28d8aaa4fd2c	False	1.0	500	True	449	2.11032	2493
210	5ca5e990-6d33-4ab8-a05f-c2805bd28505	False	2.5	500	True	513	5.27663	3252
211	4508725f-5a8b-478e-a0fb-7e0d9ea414b0	True	5.0	2000	True	209	10.133510000000001	0
212	5036bcc6-e889-45a9-a04e-f43db62624ec	True	1.0	750	True	30	2.07384	0
213	a5c20e81-2387-492f-b1c7-bb49f5cf18fd	True	15.0	750	True	389	21.098100000000002	0
214	77b7e234-b00a-4088-b841-efd3c3a37d08	False	15.0	750	True	802	28.7624	2983
215	422fe30f-4faf-479b-bc3e-52d50676073b	True	10.0	750	True	318	19.220959999999998	0
216	fcb9dac2-1a7d-4df2-8458-346a67477352	True	10.0	250	True	292	9.323450000000001	0
217	80836d15-b4ad-4009-84a0-70100c2dee1a	False	7.5	125	True	636	9.2319	4537
218	7a5880f4-7077-401f-80ee-5f9f40ec97ad	False	2.5	1000	True	536	5.13671	2008
219	c8b2e54e-69e9-4d5e-8400-1aa61971bb4c	True	2.5	2000	True	139	5.06838	0
220	eddd5166-2196-4303-82de-f9aabe5b2c5f	False	15.0	750	True	801	28.852	2788
221	fb251b42-1607-404f-aaf2-712b912d0f4d	False	7.5	1500	True	681	15.260449999999999	3046
222	3acf8bbe-b067-482b-a20d-8f547a851e4b	True	1.0	1500	True	54	2.03408	0
223	3d4796d6-cb19-497e-b735-f9933742d2f0	False	7.5	1500	True	687	15.25311	3646
224	55f1d813-6ee5-49c5-80b1-f0649e046395	True	10.0	750	True	317	19.23216	0
225	bf169721-090b-4c30-8cee-3768eda3fe5e	True	15.0	2000	True	418	29.6413	0
226	4c59bc31-04ff-4f3e-b697-9ebb6633c7e1	True	7.5	1000	True	250	15.406839999999999	0
227	2b3f656e-d19d-4f39-8594-1a32b3862ac5	True	10.0	1000	True	323	20.397199999999998	0
228	7c55b256-3b3e-40ad-b7fd-f1dbf01b5e5b	True	15.0	1500	True	401	27.6532	0
229	b6b0f5f1-763c-42b0-a605-84351efc900e	True	10.0	2000	True	346	20.2476	0
230	2b6ab480-facb-4cf0-97cd-940443a93bc0	False	15.0	500	True	790	24.0405	3562
231	f17cc220-75c1-470a-9ac2-ad246ef70a47	False	1.0	250	True	434	2.22267	4600
232	c984e403-407a-481c-a244-07be78068052	True	7.5	125	True	212	5.4098299999999995	0
233	488d7f2d-89ab-493f-944d-376e0cb1d455	False	1.0	500	True	447	2.11032	2538
234	f0204f8c-e675-4915-aa1a-15d905ea70ba	True	2.5	500	True	97	5.2724	0
235	135ddb52-de5b-4e15-8063-ba4aac9952ec	True	1.0	1500	True	59	2.03408	0
236	72492243-0289-4975-b664-5617ba5a9940	False	10.0	125	True	703	9.23116	4637
237	ea5fe1a8-815e-40fd-ba75-91df895a45bf	True	1.0	750	True	38	2.07384	0
238	533db2c2-06e9-44e8-b0a7-55200c6c93e9	False	15.0	750	True	800	28.874299999999998	2951
239	caeb2906-e8e6-457b-b154-800fb44c1d2c	False	10.0	1500	True	753	20.3408	3071
240	94c74354-4454-4630-bbae-bdb05310a26b	True	1.0	750	True	35	2.07384	0
241	c0123dac-890a-4fff-b7f0-7fd57f538fd4	True	10.0	500	True	301	15.923639999999999	0
242	f3977b8a-6a1a-421e-b457-42570c300b22	True	2.5	250	True	83	5.55823	0
243	34ef87a0-227a-422d-b9c9-366e252fa7a7	False	1.0	125	True	421	2.44678	5219
244	295937d6-6936-41a7-a183-8ecb1601fd7c	False	2.5	2000	True	554	5.06838	1184
245	5cd7f4d3-d3c2-4b2a-b28a-7ae254134623	False	15.0	500	True	797	23.9416	3601
246	aab0b0db-8bd3-456a-bfc1-984819f8f5a6	True	1.0	1500	True	51	2.03408	0
247	127aa1ff-b75f-423a-af95-7d94269a01db	False	10.0	2000	True	768	20.2541	2598
248	43216c74-10ea-47a3-ab8b-e8982bddcc6e	True	7.5	500	True	234	14.69276	0
249	9225e06e-e05d-4762-9bb5-c5adcfba4b58	True	15.0	125	True	350	5.40935	0
250	766f53f9-eac4-414e-89c9-a87c05662a8c	False	7.5	750	True	669	15.54756	4870
251	90b61cd7-8e4f-4a2e-8359-6690bde62179	True	5.0	250	True	158	9.321670000000001	0
252	1485038d-f70c-4cb2-b883-d887b13dd1ee	True	5.0	1500	True	193	10.18504	0
253	6a87ba15-cbfe-4aea-b999-d21d1a8bf131	True	1.0	250	True	14	2.22133	0
254	6763978a-66a0-4354-ba79-514d61940043	False	2.5	2000	True	556	5.06838	1026
255	174206ce-693e-4b2c-9fca-172376b8b75f	True	2.5	750	True	108	5.18459	0
256	03a450b4-567d-4e25-be5e-3063c451b64f	False	1.0	500	True	442	2.11032	2516
257	a38bd7e7-533d-43a0-b2ad-c2fc4f5f7251	True	15.0	125	True	357	5.4184	0
258	f8e368c6-74b3-40cf-80ff-bfb1c4381615	False	1.0	1500	True	478	2.03408	846
259	00dbb551-9925-4734-9905-1bdaaa022a2a	False	5.0	1500	True	614	10.180150000000001	2376
260	e5b26c2d-3bf7-49ad-84f4-f6bdf755561e	False	1.0	750	True	452	2.07384	1710
261	fcb7e01f-b5c7-4d11-bd9e-b73e41082e89	False	5.0	1000	True	606	10.2652	3103
262	12b912cc-2cfc-42fe-aa3c-dc07626864c1	True	10.0	250	True	298	9.325669999999999	0
263	8651a1ab-519a-4d57-ac1e-673671dcb8b4	True	15.0	750	True	382	21.124200000000002	0
264	a1a6766e-c0ce-49a8-9201-aba49a895bfa	True	7.5	750	True	242	15.53759	0
265	13f2139c-77d7-47d0-9949-bfbbb8d2d545	False	1.0	2000	True	489	2.02476	650
266	dab908c1-8f45-42b6-ab0e-f6ce07e50391	False	1.0	1500	True	472	2.03408	854
267	b4f5ada1-fea9-4429-a106-433625d30c6b	False	7.5	250	True	646	15.19615	4124
268	e3332b44-bc86-4e6e-8a6a-75a500d929fa	True	10.0	2000	True	340	20.2346	0
269	54003a87-4d41-4feb-939e-87661e666e6a	False	7.5	250	True	648	15.125869999999999	4253
270	faf69b62-e3f1-4f6f-b83e-1c46ac785ad5	True	1.0	500	True	28	2.11032	0
271	78f08a4a-bbeb-46e7-b5af-557099ef45ef	False	1.0	1000	True	462	2.05272	1286
272	7ec6cad8-2e11-4a32-a58d-369ef55840c5	False	5.0	1000	True	608	10.27507	3484
273	21586cfe-c771-4e60-9033-9e111f84cc96	False	5.0	2000	True	624	10.133510000000001	2058
274	11896a01-0214-49b2-9fa3-122249da4c22	True	2.5	250	True	88	5.55377	0
275	25947bd9-8222-41f4-99c5-a19eb5148e2d	False	1.0	500	True	448	2.11032	2525
276	4187e6a5-39a6-47ae-8744-a493a2173b41	False	1.0	750	True	454	2.07384	1714
277	fabfe750-dc44-419d-9200-74438042f1ea	False	1.0	500	True	445	2.11032	2531
278	a9231009-c39a-4b29-8f5a-b5a835d895b5	True	2.5	1000	True	111	5.13836	0
279	3d8a292b-30ce-46dd-ac75-6fe4a25f9a90	False	5.0	125	True	569	9.210840000000001	4575
280	9f45ced9-02de-4941-94aa-51791e1a82a2	True	10.0	750	True	319	19.22095	0
281	1c97a814-a61d-4b21-9082-cf3a9b806d36	False	10.0	125	True	709	9.21451	4631
282	d0b29071-e686-47c9-a30b-e3ba30db76f7	False	1.0	1000	True	461	2.05272	1277
283	079abe3e-461b-4beb-9ed8-218ed27100c7	True	7.5	750	True	249	15.53386	0
284	e11e6a44-c9ab-4e88-a731-0648cc02f741	True	10.0	1000	True	321	20.372500000000002	0
285	35ade326-5926-4f07-a472-4831536b7006	True	15.0	1000	True	393	25.543799999999997	0
286	4129f29e-7632-4906-a53b-b0567a85c310	True	7.5	500	True	236	14.71896	0
287	69a522e1-535b-4e09-9625-7eec77313e84	False	15.0	250	True	782	15.15389	4207
288	48ccf3be-5b23-4457-85d7-19cd783c95e3	False	1.0	250	True	430	2.22312	4611
289	811ced0e-b137-4c82-ab4a-511392911d0d	True	5.0	2000	True	205	10.13676	0
290	2c6abf3a-e1ad-4945-8a87-5e2d970312c9	True	15.0	1000	True	391	25.5701	0
291	81943e7f-a08a-4da0-a4b5-cfdb25443ac9	True	7.5	500	True	235	14.70543	0
292	bc4f20ce-70cd-42d6-b74b-b0dbd36e6827	True	7.5	1000	True	258	15.405190000000001	0
293	af000a40-799b-4ab0-be15-e58c7a4ab787	True	7.5	125	True	219	5.40665	0
294	69ba92d1-4635-48fd-9c8b-b6303bd9f9b0	False	5.0	2000	True	629	10.13676	1987
295	c6468213-eb00-4ef6-aaed-b0919cdc349c	False	15.0	250	True	785	15.21617	4084
296	bec87b14-0642-454f-a772-8ff5c69489b9	True	10.0	1000	True	326	20.443199999999997	0
297	3732f9e3-c710-4b10-bbcb-877146096ced	True	1.0	250	True	11	2.22223	0
298	ca47eeaf-ff9a-4946-bd77-2876b2cc6e1c	True	15.0	750	True	385	21.192700000000002	0
299	f6617329-d6dc-4b2b-98de-81e0981413b8	True	5.0	500	True	165	10.5524	0
300	24d31aaa-22ac-4917-b43f-8dd69ba55488	False	15.0	1000	True	810	29.1869	2207
301	810edb8d-2bb4-4685-ab05-798bd4fbf9c8	True	5.0	1000	True	186	10.27178	0
302	99930ed6-2150-43d8-bc26-a89e039d8d40	False	7.5	125	True	631	9.23043	4605
303	c0ed749e-5df6-41e4-b95f-89a2d69d6be1	False	15.0	1500	True	821	30.5234	1529
304	b5bbead2-e2ee-4eef-b4e7-53d7825aa5ee	True	5.0	1000	True	182	10.27178	0
305	1631ea6b-8056-4ca0-a927-fe169c257955	False	5.0	750	True	595	10.3667	4346
306	ed7525d1-9e6d-4269-b1b0-01056843b113	False	15.0	1500	True	829	30.520899999999997	1540
307	67dba1d7-4df8-40bd-8a5c-a31492bb5022	False	7.5	500	True	655	15.83409	3423
308	0b70e91e-91d1-42d2-ae5d-f57031a933b2	False	2.5	750	True	524	5.18584	2198
309	5ca06c8f-aeea-478d-8fd2-48bd61ad57fb	False	5.0	1500	True	612	10.180150000000001	2018
310	8b0e24a0-ce0f-445a-a857-f9749330b836	False	10.0	2000	True	762	20.2703	2666
311	7e0db0d7-ceff-4c9e-ae4e-5ad821142934	False	15.0	750	True	808	28.9652	2752
312	1ba495cf-148a-4ab5-a24f-24b753c2f1a4	False	1.0	1000	True	465	2.05272	1282
313	1469a146-34bd-407d-b132-83e31b15f654	False	7.5	250	True	641	15.15878	4173
314	e5ac57e7-c45e-4af8-b8ed-e52a44e86e30	False	2.5	125	True	498	6.11658	4137
315	addb1ea9-88d7-40c0-bc56-94d6ae8014d9	False	15.0	750	True	806	28.8968	2887
316	81445cfc-9f7c-4fbc-a873-44e430bd411d	True	10.0	2000	True	341	20.228099999999998	0
317	6d780292-f46e-4d4d-9752-c22280618661	False	10.0	750	True	737	20.7185	2447
318	40ae2ff5-4acb-47e7-a056-94920405e107	True	2.5	500	True	96	5.27747	0
319	efa1c49a-5a1a-40fa-9720-56a5958828e5	False	15.0	250	True	784	15.209050000000001	4163
320	49012fb8-d8d4-4c47-bc20-8fae67ea616a	False	10.0	2000	True	764	20.253999999999998	3060
321	b9ea4595-d11c-40eb-a1b1-7ba23dfc0c07	False	1.0	250	True	436	2.22178	4615
322	456945b0-1542-4ac3-92ae-2c88d21a0b14	True	10.0	250	True	299	9.34747	0
323	bbd405dc-8083-43b1-ad24-d1db5d8d95d8	True	1.0	500	True	25	2.11032	0
324	6eda3d79-a5d8-4819-acf7-1b4851d6e46d	True	1.0	250	True	16	2.22178	0
325	6178811f-45bf-45ce-9213-362e062ed911	False	5.0	1000	True	605	10.27178	3413
326	862f6f77-72b4-480f-9cd3-a17601ad8938	True	15.0	500	True	377	15.929549999999999	0
327	9286e894-b97e-4152-bda8-2186030bf23a	True	2.5	1000	True	113	5.13836	0
328	fdc9b62c-0847-4d61-a331-394abca391e5	True	7.5	1500	True	264	15.25556	0
329	ec42ed2f-e476-4dd7-b0c5-34b0b584354a	True	5.0	250	True	153	9.35058	0
330	a8914bbd-25ac-4edd-a5df-6ba6f31a7684	True	15.0	2000	True	415	29.612099999999998	0
331	bbd81fe8-35d3-4fd6-8ca0-00d20c88b541	False	5.0	125	True	564	9.21011	4657
332	4be51365-56ab-4fa2-bd41-e4bfafbad46a	False	2.5	1000	True	538	5.13836	1601
333	466edff7-8740-44d4-bd1d-9e079ae21915	True	2.5	125	True	76	5.40322	0
334	aeb090b4-4619-4f2d-b33b-ea36c48aab0e	True	15.0	2000	True	414	29.7321	0
335	4b3584ae-f7d4-4fc1-bbc1-e05ccf48670c	True	2.5	2000	True	138	5.06838	0
336	f2c12a62-70f1-4ab1-9d13-1820e7a8e0a9	False	5.0	125	True	568	9.19689	4692
337	615987fa-4d85-418e-880f-dff635c22031	True	10.0	750	True	312	19.220959999999998	0
338	85d12d47-c6a6-4d64-809c-85c0e0345fe7	False	1.0	1500	True	476	2.03408	846
339	326da964-72b0-4432-8473-27d24b5cd9ce	True	5.0	1500	True	199	10.17037	0
340	3e3bab81-0bdf-40ee-b187-4ce614b39e55	False	10.0	500	True	725	20.182299999999998	2911
341	466170b2-66fd-43a4-a1c9-d46fd8b97e58	True	10.0	125	True	287	5.39344	0
342	cba5bc9b-c2d6-424c-8c28-fa058e440120	False	2.5	750	True	529	5.18459	2521
343	f345e65b-9df8-4f8e-a13c-a373d91aa13a	True	7.5	1000	True	252	15.406839999999999	0
344	e8f2f37d-6f54-427b-aaac-6f65174c166e	False	10.0	125	True	700	9.21085	4675
345	cb368084-bcbd-4a2c-aa6c-51a5fe9a01e8	False	7.5	500	True	650	15.81803	3437
346	2fbde487-8061-4b7b-b020-e1c8c4472f91	True	15.0	2000	True	411	29.6899	0
347	69377864-d37e-4987-9c99-6a581db1136b	True	1.0	1000	True	42	2.05272	0
348	42bc3e65-5e1f-459d-85ea-c6dd7aebb5b1	False	2.5	750	True	525	5.18459	2144
349	0ec5621a-b3f0-4406-b481-8c6c6a7fe476	True	2.5	750	True	107	5.18584	0
350	0b18afec-3ec2-4b86-8615-00f4d9d850f2	False	5.0	1500	True	616	10.180150000000001	2351
351	2032f8e1-e23a-4fb2-8bba-6641f39e0d81	True	2.5	750	True	109	5.18335	0
352	d2e4acf2-2add-4721-a656-d7d5cbff9fe1	True	15.0	1500	True	400	27.6727	0
353	a8f3d72a-d762-4d27-b5c3-09c231f1214d	True	1.0	1000	True	43	2.05272	0
354	306cb0a0-17de-4172-be71-97947a2db0f8	False	7.5	2000	True	690	15.179179999999999	2314
355	3f75f0a4-b9f0-4bca-92fa-2e41c0b622d2	True	10.0	500	True	306	15.95151	0
356	9aa9b9e5-7cbd-4260-a6e7-b76be6b09124	True	15.0	250	True	364	9.31901	0
357	f7181ced-babc-4839-9889-76c96a63ff9b	True	7.5	125	True	211	5.40175	0
358	b13455cd-56f3-4557-b81d-22d2f953d1bc	False	2.5	2000	True	553	5.06838	1182
359	5066178a-4706-4dc0-8198-f96b87063e61	False	7.5	750	True	668	15.55503	4624
360	42652644-7018-4653-a55a-9ac91618570e	True	15.0	2000	True	410	29.6932	0
361	38619c27-2d7f-4a64-b48c-2a664871d861	True	1.0	125	True	4	2.4462900000000003	0
362	84ff3811-39f8-457a-9fbb-6a306c410de6	True	1.0	2000	True	68	2.02476	0
363	604d0663-4213-4ef3-b9ce-862abc5d7fa7	False	15.0	125	True	774	9.194199999999999	4703
364	ffb0bc8d-18a0-472e-9184-0ef3936a4cbd	True	5.0	250	True	151	9.33413	0
365	e75976fa-f1ef-4148-a4c0-8e1456596305	False	10.0	750	True	735	20.7222	2512
366	ff5ec5c2-a26f-423d-b234-9ee34d027cf4	False	7.5	1500	True	680	15.265339999999998	3610
367	4ccbb55d-2b78-49de-876f-56aa66e5982f	False	5.0	2000	True	628	10.13676	1651
368	31b5964e-cb28-4617-ad53-5385821897e8	False	2.5	125	True	494	6.1151	4141
369	2e0fd4cb-fbb1-4583-beaf-63dac0206bcf	False	10.0	2000	True	761	20.2411	3049
370	315ab295-8e40-4dcb-be68-38c310a44544	True	1.0	1500	True	56	2.03408	0
371	2c2b6abf-059b-4c71-9c5c-e80b1aa1ef92	True	10.0	1500	True	333	20.365099999999998	0
372	f66ce5a4-013a-4031-add0-afb78818177d	False	5.0	250	True	573	11.10621	3056
373	e640745c-07e5-45f6-a20a-8e4400a21be8	True	1.0	125	True	3	2.44703	0
374	d37d6c16-adea-4058-ac5f-ffcc2a469aa8	True	5.0	2000	True	203	10.12378	0
375	ceaaa7aa-5660-4d80-91dc-3b9118a8de6e	False	1.0	2000	True	486	2.02476	646
376	704e5f77-3bf2-42a3-a709-940270fd4d9d	False	5.0	2000	True	620	10.133510000000001	1610
377	b7d8cb2a-32b8-4525-b9b8-c54d91391d29	True	7.5	1000	True	256	15.406839999999999	0
378	8133a6a8-d202-4890-9fcd-4fc1b8dcb060	False	5.0	750	True	590	10.36919	4079
379	3374ac9c-3ea2-4da9-8dab-30c15086fdfb	True	15.0	1000	True	390	25.524	0
380	d38e3fe3-286a-4299-8cfc-498b64941ce9	False	5.0	1000	True	603	10.27178	3248
381	0cfede07-e3ea-46d2-a915-aea25e666764	True	2.5	750	True	104	5.18584	0
382	500e2026-6cab-4e6c-b8d2-605c2e0f1042	False	2.5	125	True	493	6.11511	4220
383	fee1db30-4aa3-4c56-818d-dfb06fc616e0	False	10.0	1500	True	758	20.348100000000002	3462
384	692b931a-86cb-453e-8ff1-dfedfe671618	True	15.0	1000	True	396	25.5257	0
385	541903f8-260b-4ebe-9401-622ff45ad4d6	False	7.5	1500	True	682	15.25556	3078
386	747da7f0-0f82-4916-8970-fa4b9cb90c7e	True	7.5	750	True	248	15.528880000000001	0
387	dcfcbe68-8456-412a-90a6-d8ec6278961f	True	7.5	250	True	223	9.32168	0
388	10631462-ab01-4c5a-a860-79c14f412865	True	15.0	250	True	369	9.33814	0
389	ba7bf1ad-c563-4dff-9868-6b75f46e81b4	False	15.0	125	True	771	9.176089999999999	4667
390	02f91327-df31-4435-a4b0-108f423b0309	False	1.0	1000	True	468	2.05272	1276
391	0724c00b-da9c-46ff-b99b-c97fee90e11e	True	10.0	500	True	302	15.95996	0
392	52bf67ac-ad16-45dc-bf8a-491b4f6cf07b	True	2.5	250	True	81	5.55645	0
393	4363ecbc-f254-44e4-aa60-5d4ca0ecbb6d	True	7.5	250	True	226	9.328790000000001	0
394	08d34c9f-417a-40dd-83da-3b7296fb9ff9	True	7.5	2000	True	279	15.192160000000001	0
395	993fd38b-b6dc-4c82-8134-3ce74d8355be	False	1.0	125	True	420	2.44752	5044
396	120b0542-3397-4ad5-9543-66c08372fa08	False	7.5	1000	True	676	15.382169999999999	4028
397	087c4cc9-823f-42b5-a30c-0fae3b1a8d0c	True	5.0	1500	True	191	10.175260000000002	0
398	718f7afc-9993-4974-afc4-a938eebb66be	True	1.0	250	True	13	2.22223	0
399	b9cf41e5-d1d2-4ca4-a461-562888cf8cf7	True	10.0	1500	True	334	20.367600000000003	0
400	6919a3ec-3146-4b64-b802-ae04e67a8c3d	False	1.0	125	True	428	2.4450700000000003	4966
401	68017a60-7b55-4678-b87b-d95ca10fe62a	False	1.0	500	True	446	2.11032	2516
402	50b04d9b-f9a0-451e-bef1-777a1a743b6d	True	1.0	1500	True	58	2.03408	0
403	338144fe-f576-423a-acc8-6ad210affddf	False	5.0	1500	True	610	10.182590000000001	2355
404	6e61f6a1-d6f8-4db2-8782-f0f43e2194fb	True	10.0	125	True	283	5.4041999999999994	0
405	91338023-664a-4beb-b26b-ea408fd6322b	False	5.0	250	True	577	11.10487	3140
406	903abb57-19b1-40a9-b253-2c4306d27a8e	True	2.5	500	True	95	5.27325	0
407	96f1cbf6-b27c-4b16-8913-bb9bec827094	True	5.0	1500	True	194	10.17281	0
408	6516d74f-d738-440f-91a7-ca296877d745	False	10.0	500	True	724	20.1772	2878
409	99b4a1fd-2460-4f22-89c6-7e3f637a2d52	True	2.5	2000	True	134	5.06838	0
410	6ca1e87a-1b34-42ac-99a1-14344acd51e8	False	15.0	250	True	787	15.12454	4309
411	31ec1397-9a97-425d-b22f-a0e567b794ae	True	5.0	500	True	163	10.54648	0
412	1ace5c5f-60c0-4a55-bcb1-b972fab1337a	False	15.0	750	True	807	28.9205	2883
413	adbac08a-5540-49f5-bbf1-949b6b36bba3	True	2.5	2000	True	137	5.06838	0
414	de31348a-04d1-4fa1-a9d1-e1c70025b2d3	True	1.0	250	True	15	2.22178	0
415	e59de0d8-b0fd-4572-9bd7-62367edff1f4	False	2.5	1500	True	545	5.09008	1252
416	4e79854b-9945-4a74-a1b6-45b993909398	False	5.0	125	True	561	9.21697	4620
417	5e8a0dc9-2030-48f6-843c-0941a1ab1d74	True	5.0	500	True	164	10.54818	0
418	7136a3ce-e53a-4057-931c-41d9183cab05	False	2.5	500	True	515	5.27409	3531
419	7cd481c0-e949-42c8-870c-114b4df57ee0	True	15.0	500	True	379	15.955729999999999	0
420	a66f3ebc-0b1d-426d-8cbc-d49857ea65c4	True	5.0	750	True	175	10.3667	0
421	54905d9d-df76-43b4-92df-8e86a6c9cdf7	False	15.0	1000	True	818	29.163899999999998	2306
422	e9db4bd5-9f10-47b8-b445-d8b608168f16	True	1.0	1000	True	49	2.05272	0
423	06368f5d-acbb-4f9e-af43-6b46569cf858	True	2.5	1500	True	122	5.087630000000001	0
424	d6416979-6831-428c-8733-968b5efa97dd	True	1.0	125	True	8	2.44629	0
425	0af490b3-44b7-43db-94af-8dc94ef79187	False	15.0	2000	True	830	30.3551	1512
426	05e957c4-bc83-4854-af2e-958f9df7de2b	False	10.0	125	True	707	9.16262	4803
427	de677c5b-177f-43a3-8078-ee83da68404e	False	15.0	2000	True	835	30.361600000000003	1667
428	139888cf-c4dd-4b9d-95c0-e00967bf6472	False	5.0	750	True	596	10.35923	4214
429	c258e597-92d5-42b1-a761-4e7c786b60d5	True	15.0	1500	True	405	27.6433	0
430	ea9b5097-3358-4a19-b82c-7cf3f71f3393	True	10.0	500	True	303	15.97516	0
431	ea0b8367-850f-4e2a-81a2-c5587eec893b	False	1.0	1500	True	473	2.03408	860
432	99f6decb-7641-4f25-b1e1-eeae0a7290db	False	7.5	1000	True	671	15.40849	4231
433	9a87277d-fc11-430a-b4b2-c5876f11debf	False	7.5	1500	True	683	15.258	3255
434	39068ca1-e228-4faa-b2b2-b2f856820a08	False	2.5	250	True	501	5.55467	5980
435	cc1bb31a-7d13-4d8a-8f30-26f64d836c18	True	5.0	250	True	154	9.31723	0
436	8f537017-b091-46b6-bc28-68d03b830dbe	False	1.0	125	True	426	2.44556	5270
437	ed4c9241-808b-4ebe-b0ec-cb87c463e56e	True	1.0	125	True	5	2.44703	0
438	58264cd3-8b0c-4ac5-9907-0778bdb5f5ff	True	10.0	750	True	315	19.2471	0
439	4f138a1f-7128-43df-8984-f710197edc2b	True	15.0	2000	True	416	29.6542	0
440	29396e53-a285-496b-a558-a5629998d25a	True	5.0	2000	True	201	10.13676	0
441	c894a64e-6254-4e02-9fa2-d1a7a3975c9f	True	2.5	125	True	74	5.4041999999999994	0
442	c66bb10c-c96a-46bd-9467-624e75fa5e34	True	15.0	1500	True	409	27.5944	0
443	a19eafce-4b0a-4f1e-9775-f98d4c9be529	True	5.0	2000	True	202	10.133510000000001	0
444	51ac5baa-9626-4596-9ac8-cf77ae405539	False	10.0	750	True	733	20.7147	2467
445	b3cbc449-20a6-4d2c-ab92-053c6ac201ef	False	15.0	125	True	776	9.20717	4648
446	d899e657-62e8-47d6-9814-07d47c8a23f6	False	10.0	1000	True	741	20.5238	3568
447	c63e4dde-b879-4dc1-b1e9-362ad58db1db	False	1.0	1500	True	474	2.03408	842
448	596ddad1-0e83-42cc-a683-d48413769d1a	False	5.0	500	True	584	10.55156	4744
449	06b6287c-cab8-46c7-8651-a22823f63adc	True	2.5	750	True	101	5.18459	0
450	790c9da5-aedb-45b1-bbf8-cf06dc00cb77	True	5.0	1500	True	195	10.175260000000002	0
451	18531940-97b3-4b06-bc7c-b0c3515ef935	True	1.0	125	True	1	2.4458	0
452	dfc1a910-121a-491f-9b4e-e060d4cccd07	True	10.0	1000	True	322	20.384	0
453	5aea575a-7dcd-400a-affd-cc03f544edcf	False	2.5	250	True	508	5.55289	6580
454	86c1c404-f475-48b3-9bba-c0362cf5c3e2	True	7.5	2000	True	271	15.18567	0
455	e41e6a18-ab85-4487-9c7a-71a6551aec48	True	2.5	125	True	75	5.4113	0
456	b476a6d5-4ba9-4fed-acfa-f5658d065026	True	5.0	1000	True	185	10.26849	0
457	404252a4-e910-47eb-863d-24e13dfe40f8	False	10.0	1000	True	740	20.5354	3633
458	b852f9b3-6b6c-434b-afc9-ad82db5c9be0	True	15.0	750	True	383	21.0297	0
459	e6fe5983-c02c-4968-a6ad-70f0e5e35b2c	False	10.0	1000	True	749	20.5321	3445
460	1fdb226b-ffe9-4292-8b5f-65d991b281d2	True	2.5	1000	True	114	5.13671	0
461	666192d8-36fe-4979-9325-4cb835ae12c5	False	15.0	1000	True	813	29.1278	2164
462	8ee55282-affa-43a0-8888-b95a96ba84c5	False	15.0	125	True	772	9.19885	4711
463	a0ae1556-1382-45c3-9a2b-3c2fb290de52	False	5.0	1500	True	619	10.17037	2432
464	732b3a87-b7ed-4028-a4df-75d96cf36cd2	True	10.0	2000	True	343	20.250799999999998	0
465	bd3d6904-004a-4b7c-9152-5ab466d07dad	False	2.5	2000	True	559	5.06838	1018
466	c9f9c964-e4d6-44ae-b89e-e2a2bbdbd3fa	True	2.5	500	True	93	5.27156	0
467	faa5f26a-cb19-4f53-8f52-33246b6949c0	False	7.5	500	True	659	15.82902	3470
468	46170dd2-2ba4-4b9e-a2fb-dc7d6287035f	False	10.0	125	True	705	9.211580000000001	4591
469	0e04bf01-636f-4b49-affe-89b6a5ae7cab	False	10.0	1000	True	742	20.5304	3675
470	216e7c36-6dc3-45a9-8c26-865b55d0eae4	True	5.0	1000	True	181	10.25862	0
471	12ea23b7-1a62-4d8e-8582-fd08a3075bf0	True	5.0	125	True	143	5.39343	0
472	94c4051a-957d-4eb1-aed5-61622f29690d	False	5.0	2000	True	625	10.133510000000001	1848
473	1b5a43c0-b9a0-497d-bf50-907bac571d62	True	15.0	125	True	358	5.412039999999999	0
474	14cd2bfe-f221-4edc-9eee-49594ede4b8b	True	1.0	750	True	32	2.07384	0
475	c3f2a0b1-8f83-4cb3-beb4-225f01e3673b	True	7.5	2000	True	273	15.19865	0
476	90dc4811-752f-4f6f-a0b9-c68f0aabcdf1	False	7.5	500	True	652	15.82733	3552
477	e5d58c76-435a-4705-b81a-ed638476c570	True	5.0	125	True	141	5.40518	0
478	b1c3ce07-702c-4ae4-9eff-bb5c64471ea4	False	5.0	125	True	565	9.20375	4716
479	a8673460-0296-401b-9053-dc5ea10c0c25	False	7.5	125	True	634	9.18392	4727
480	0826b9cb-c9ee-414b-91da-c6fa3d358389	True	1.0	1500	True	52	2.03408	0
481	8f7f326d-25e5-4753-a715-0a24539c4aed	False	15.0	1500	True	826	30.5503	1486
482	983cb0af-8b60-4a11-a710-f33a2ab6aaa2	False	15.0	250	True	788	15.18547	4185
483	ad3b2b9a-61f6-41fd-8a5e-2ae1d99264cb	True	7.5	750	True	245	15.54756	0
484	ea37b70f-ab30-4863-9fe7-9eae823f45aa	False	7.5	250	True	649	15.264199999999999	4117
485	e99cb50a-baf9-4c11-a787-062504b9ca2a	True	15.0	500	True	373	15.94137	0
486	a09c1271-db5c-4359-84df-3429ef7caeba	True	10.0	250	True	290	9.3159	0
487	22c4667f-3f18-4ffa-b9ed-1cd40cf051ae	False	10.0	1000	True	747	20.5321	3601
488	2b91a7b6-7783-4699-bf05-da449ec283bc	False	2.5	2000	True	558	5.06838	1025
489	d6e99750-e46d-4710-929d-bb5b908d6485	False	15.0	1000	True	816	29.2101	2035
490	d487bfc0-d16c-4431-81d6-b7dc602336bc	True	2.5	1500	True	125	5.09008	0
491	f11139cd-9bd1-45c3-b80d-7e97793d0ffe	False	15.0	500	True	798	23.8504	3632
492	e546418e-f805-4a89-97db-146d7850cce7	False	15.0	750	True	805	28.6553	2888
493	e831990c-c11c-4603-8846-5ae5d44a29a9	True	5.0	250	True	157	9.32612	0
494	5b7222a9-83cb-4984-b9bd-d1e4520f798d	False	10.0	250	True	719	15.17969	4255
495	d297a908-9a19-4890-ac6a-a2fc39022316	True	7.5	125	True	218	5.41913	0
496	b85f787e-7636-405b-bdfb-995bdb6b5706	False	5.0	250	True	579	11.10088	3049
497	fb618dfd-7d0b-495b-bf5d-fd428d545ff9	True	15.0	125	True	355	5.41277	0
498	dacd898b-9cb4-455e-8983-be17226329f6	False	2.5	1500	True	547	5.09008	1240
499	52d706b4-bdfa-4056-bf4e-dee6515a9712	False	15.0	500	True	792	23.9991	3457
500	f497eebc-2170-4ff3-ab51-7117f7507619	True	15.0	1500	True	404	27.6532	0
501	03f42e55-1f10-408f-b0b1-0bab095f086c	True	10.0	1000	True	325	20.4119	0
502	05bbaffe-26ec-4004-870c-5a5811193a13	False	2.5	2000	True	557	5.06838	1062
503	2a1730b9-c648-4b30-a804-3acba76247a8	True	2.5	500	True	92	5.27578	0
504	9974aead-b422-4b11-b9a1-5e593e902540	False	1.0	1500	True	470	2.03408	850
505	f7430949-0ea2-4793-84c7-f1be74c18ec7	True	7.5	250	True	225	9.345690000000001	0
506	e3bd6b7c-da93-4719-89e4-0c13de815384	False	1.0	2000	True	483	2.02476	642
507	f7f46dff-fbe5-4141-902d-b96f66716cf7	True	10.0	250	True	297	9.33947	0
508	8bb543bc-f802-4551-9407-9a0b5047c434	True	15.0	1500	True	406	27.6311	0
509	1a04ba27-1122-4303-bb90-91ba5a162e8b	True	1.0	500	True	21	2.11032	0
510	c3978b45-d87d-4b75-96b5-02f963155836	False	7.5	500	True	657	15.83071	3627
511	d418a5b3-21b4-49f6-b0c2-f6a778c6715c	False	7.5	2000	True	698	15.20514	2752
512	18cd47f5-ad8b-4fd4-a635-bd18be4fd48e	True	15.0	1000	True	395	25.5437	0
513	b2e9ea5c-74e9-4b28-9d46-58e8c41c3064	False	15.0	1000	True	812	29.164	2136
514	74d6d135-62c5-4290-aeda-6973196f041a	True	5.0	125	True	149	5.40347	0
515	1c876898-b283-44dc-af81-ac5628b7df9a	True	10.0	125	True	285	5.40274	0
516	9c3655a9-813d-407b-9a9e-562995032733	True	10.0	125	True	282	5.38462	0
517	d201c995-c382-48f8-855f-2bd22bfd75e9	False	1.0	2000	True	488	2.02476	640
518	4d63f5a0-83e1-4bae-9eed-43319c5c5674	True	15.0	125	True	356	5.4122900000000005	0
519	e587df10-0d7d-43b7-aafc-961266a04013	False	15.0	250	True	786	15.163229999999999	4205
520	6229c525-c3c6-465b-b3df-b50394db97bc	False	2.5	2000	True	550	5.06838	1066
521	e7a6a8ed-bb2f-4d50-aa02-ab4bb0bb4af7	True	1.0	250	True	18	2.22267	0
522	7141d9dc-1d7a-4880-bebc-908f3058f0a0	True	5.0	500	True	168	10.54902	0
523	feb09760-30f5-4ced-9721-07e68c440ca4	False	10.0	125	True	708	9.20448	4629
524	2c8a10c0-899f-428c-937b-ba1b4f153fdb	True	2.5	2000	True	133	5.06838	0
525	29a9e428-8430-46db-ae07-d2dc240d9d4b	False	10.0	750	True	734	20.7209	2510
526	04f633e4-8ca8-4fc7-9d31-45fb0c05afc4	False	5.0	2000	True	622	10.12702	1774
527	fcfa6a2c-45fd-40cd-bb5a-20f4caf22357	False	5.0	125	True	563	9.190529999999999	4687
528	c9f5cf34-e866-41ff-9ec2-b01045b78005	False	15.0	125	True	778	9.190529999999999	4738
529	0687ee60-6688-41ba-bd61-ec994e2e5100	False	5.0	250	True	578	11.10443	3060
530	33f63576-1d0d-43a7-bc8a-c3c2fa6f23f4	False	2.5	125	True	497	6.11707	4202
531	794652ca-0102-41e5-aeb4-7b674d5898bc	False	7.5	500	True	656	15.81634	3454
532	cae7b3bb-fd00-41c0-b7ba-6dba6e8fd76d	False	7.5	2000	True	695	15.1954	2765
533	6615e34f-469f-4a5e-b69d-f9f8dfd8e534	False	10.0	500	True	729	20.182299999999998	2908
534	d4847497-625b-451d-aed2-869c5eaac10d	True	7.5	500	True	238	14.71304	0
535	e9d96071-0bb0-4031-8972-53638991e6be	False	10.0	500	True	726	20.0572	2921
536	1f992f2e-fbf3-4292-8842-7ce880536991	False	7.5	1000	True	677	15.41177	4144
537	c838af7d-a415-4ea1-a579-c38e2da26149	True	10.0	250	True	295	9.31589	0
538	1ff89a61-8149-4151-b570-3091306fd785	True	1.0	2000	True	60	2.02476	0
539	c6677932-282a-4cb8-9041-8a431e5bf9a2	False	10.0	1500	True	750	20.3407	3257
540	9f472124-f1c0-4845-a519-a536b37a208c	True	7.5	250	True	229	9.311440000000001	0
541	54ff07ae-ec91-42f2-92c5-75b0aac4f0ab	True	5.0	1000	True	180	10.27014	0
542	0bbfbecd-24f5-4bdd-8ed2-75d53b54378e	True	1.0	1000	True	47	2.05272	0
543	cd1b3cff-072d-4307-ba05-7ea22e9a12c3	False	2.5	750	True	528	5.18335	2149
544	651e0430-09d9-4b8d-9efa-348a9d14debb	True	5.0	500	True	167	10.54987	0
545	131af27e-7480-42a4-8dda-0d8b53851af8	True	7.5	1500	True	260	15.265339999999998	0
546	660781fe-4534-44d0-80c4-3535a7552f89	True	1.0	1000	True	45	2.05272	0
547	cda21e6b-3ac0-4b8e-a81d-f86f74df3fad	False	2.5	2000	True	552	5.06838	951
548	20eba43d-9a15-4114-a50e-aa957ad16c85	False	5.0	1500	True	617	10.18504	2412
549	6ef02587-7fcf-4441-963a-190795a9469f	True	7.5	500	True	230	14.68093	0
550	acc61229-de0b-444d-a5b6-47f4c3a677b1	False	10.0	750	True	736	20.7172	2473
551	e8c5fd03-0c29-468f-8f09-aa4656854b10	True	10.0	1500	True	339	20.355400000000003	0
552	3473a341-c923-41d9-8a60-3b431bedfee2	False	1.0	500	True	441	2.11032	2524
553	12ca43d0-5fb1-457d-8a14-59179d248034	True	1.0	1500	True	50	2.03408	0
554	83fe6cc5-568d-42cf-8291-4793885f905c	True	1.0	1000	True	41	2.05272	0
555	76918d73-b935-4c56-8b9e-e841163c8eb2	False	10.0	250	True	713	15.14944	4229
556	e7c75d9b-6c58-4592-9f10-dc83241d3613	True	7.5	125	True	215	5.40372	0
557	edf5a139-4bec-4d6f-b9d3-1f841b6bd1e2	True	2.5	250	True	89	5.552	0
558	8fb5a262-869f-4f14-8240-7a758f834991	True	2.5	750	True	105	5.18459	0
559	509b116a-009d-464f-9fab-da20b8f5f235	True	2.5	125	True	78	5.40763	0
560	4f56c413-333d-45ae-bf5c-dd90ee47c65b	True	7.5	1500	True	267	15.262889999999999	0
561	a50f23d2-602d-4f50-9821-3e1865ea1928	True	10.0	750	True	314	19.25207	0
562	e57a289f-865b-4fee-86f4-cb9251e897bb	False	10.0	500	True	720	20.102	2948
563	37f76d61-ea5f-42f8-a625-f617b093838b	True	5.0	250	True	150	9.347470000000001	0
564	ac3815df-a0c5-457a-aa36-c511302973d3	False	2.5	500	True	511	5.2724	3652
565	99acdfb6-3100-4ceb-90fe-c884ff510edb	True	10.0	2000	True	345	20.2736	0
566	a5699b18-abcc-4d1d-803d-2a3099379914	False	1.0	750	True	457	2.07384	1704
567	46a476ab-85eb-437a-bee0-93fd8ec812ef	False	7.5	2000	True	694	15.18891	2633
568	7555a4c5-b54a-45a2-bd2d-cfc78aaffd37	False	7.5	500	True	654	15.8231	3548
569	aa295b2d-094b-4ad9-af00-1a28b9aeb731	False	2.5	1000	True	533	5.13836	1604
570	583fa3a0-fcd0-406d-8ec8-aa9665a7c9c1	True	2.5	250	True	85	5.552	0
571	4ac33970-5de6-4ef3-b4e8-d6df59c345ba	False	7.5	2000	True	693	15.19865	2620
572	2447270a-33fb-419c-ab54-c5234db22752	False	7.5	500	True	653	15.82057	3560
573	45781d3e-1be3-4187-ba89-2f741f492ee2	False	10.0	500	True	722	20.0977	2788
574	8b4d117c-6e0a-44a0-b9b8-4f331cd0f734	True	1.0	1500	True	55	2.03408	0
575	39e4984a-4667-4cf4-94ee-c1273a1cf5e7	False	15.0	1500	True	824	30.4964	1508
576	dd39f32c-53d6-418d-a8bc-ac69b4127577	False	7.5	750	True	664	15.542580000000001	4504
577	dba4e663-6f49-41e5-b9ef-10698a3a67f8	False	5.0	500	True	585	10.54987	5544
578	0d6f5cf7-0a8a-4bed-b804-1e228df30293	True	2.5	500	True	98	5.27747	0
579	e37c0681-63a9-4ec9-9241-fe0fadde9e31	True	15.0	250	True	361	9.337679999999999	0
580	19ad9371-9ed4-478b-8af5-fd21f7e21034	False	1.0	1000	True	466	2.05272	1296
581	f2500bdc-33c7-4eb1-9b4e-4587ea21dd78	True	10.0	250	True	291	9.35459	0
582	336ceb50-c13a-4e88-bc96-d20db9fbbfce	False	10.0	500	True	728	20.1628	2998
583	21080ef2-acc9-4a0d-8c1a-2d2550bb47dd	False	15.0	500	True	794	24.1993	3373
584	c37e4ec6-abf3-4516-b9b4-74898f750642	False	5.0	500	True	587	10.54817	5006
585	83db6abd-a55a-48b1-9245-9e7178fd6339	True	10.0	1500	True	335	20.352899999999998	0
586	aaf3dc17-2ab5-413b-9743-878ed7ba67ba	True	10.0	125	True	288	5.39588	0
587	43b463e0-a035-4800-8a35-5a79a1879344	True	5.0	500	True	162	10.54395	0
588	bf93c123-b05b-42fb-afd9-aa82b3262572	True	15.0	1000	True	397	25.589799999999997	0
589	66ec840e-e3c7-4871-be61-562fb7aea44f	False	2.5	250	True	505	5.55734	6273
590	da82ec82-463a-43f6-b547-5d3f7f8eb244	True	5.0	750	True	174	10.3667	0
591	6309920d-6e9a-4e8f-99ee-3ecf796af241	True	1.0	1000	True	46	2.05272	0
592	529229b0-7341-4b1c-b043-96745938feda	False	7.5	750	True	665	15.53386	4786
593	e86a7fb2-d942-43ea-9d5e-9f50e730541f	False	15.0	2000	True	834	30.342100000000002	1680
594	c470bc3d-a97d-498a-b6e4-933a56b1cec9	True	1.0	2000	True	65	2.02476	0
595	5f0cd44d-99be-4000-b268-e109a4b29454	True	2.5	750	True	103	5.18584	0
596	f440f79c-2bcb-4400-93e4-a3f667796648	False	1.0	2000	True	481	2.02476	638
597	5735c6c7-7119-403c-b28a-165c11fefeb0	False	1.0	1500	True	477	2.03408	850
598	ea972b02-696a-47f3-9636-5612794e5833	False	1.0	750	True	453	2.07384	1693
599	43ec0f7d-a5a7-45f9-9169-dc23928033a4	True	15.0	750	True	384	21.1218	0
600	a639f789-a558-4352-ab2e-2c3a454c2561	False	1.0	500	True	443	2.11032	2534
601	776bf5ea-302f-41ca-914b-e1393c9f2a04	False	2.5	1500	True	548	5.09008	1510
602	074af602-304c-4d04-862f-77dee696588c	False	5.0	125	True	566	9.184899999999999	4793
603	b89cd781-1f1b-4443-a5dd-d81bb6917c16	False	1.0	1000	True	467	2.05272	1280
604	441ea260-ad12-47ba-93fd-97f1de3f76ab	False	10.0	750	True	738	20.7209	2443
605	7a928038-0bc7-46fe-8cd4-cee873bf70eb	True	1.0	250	True	12	2.22178	0
606	ceaff1b9-12e5-4d3f-bc4e-5791243dd41b	True	15.0	500	True	371	15.95489	0
607	2c4deb24-6ddc-4dd3-8abf-387029a02e56	False	5.0	2000	True	626	10.133510000000001	1316
608	92e1c7f6-4ccf-4ccc-8203-2eaac8f74e94	False	2.5	750	True	526	5.1821	2142
609	19decc7c-cc75-4d06-8b35-d15989c64c09	False	10.0	2000	True	767	20.221600000000002	3074
610	748f3092-9110-436b-bc1f-e75423550d17	True	7.5	2000	True	270	15.18891	0
611	af3db024-2cf2-4fa6-9107-e9fffab86e14	True	15.0	125	True	354	5.4091000000000005	0
612	f980fde8-c7d7-4bb8-b96a-6d49d28f4335	True	15.0	1000	True	398	25.560200000000002	0
613	70a3c15b-d6d8-44da-bd3e-dfde5c26d219	True	10.0	2000	True	344	20.2671	0
614	174f43cb-6e86-46c8-816c-c89634c44dd4	False	2.5	250	True	500	5.55644	5737
615	78995aa7-e921-48fd-b82c-55a17ed5d36e	False	2.5	250	True	502	5.5502199999999995	5754
616	d57dab78-5f9a-42d5-bb9d-332a99cda4d5	True	5.0	750	True	179	10.362960000000001	0
617	dff0e03f-dbe5-4665-ae69-64d5284958df	True	1.0	750	True	31	2.07384	0
618	d461449b-02b8-471b-8150-91243f599a4f	False	5.0	250	True	574	11.105319999999999	3105
619	7ddd1a7c-f4ee-4785-9500-ccc659248984	True	15.0	750	True	380	21.145400000000002	0
620	71e0884c-10db-4067-bf41-7d65807aed8f	True	2.5	1000	True	115	5.13836	0
621	90b8441e-8b35-4d7a-95c4-cca7f330fae2	False	5.0	250	True	570	11.107990000000001	3067
622	1dcbe219-c066-48a4-a8ca-a9e7a6f84cc8	False	5.0	750	True	591	10.36421	4244
623	6ccea2bc-2d66-4772-9d63-7dddc4c2116e	False	2.5	500	True	510	5.27832	3341
624	872a5110-3e1f-41a8-9a8e-a4d14bb9cdc8	True	2.5	1000	True	112	5.133419999999999	0
625	3b4fc41d-ea4e-4dec-9be9-e07711afe792	False	5.0	500	True	589	10.55325	5393
626	39c7c103-9a46-46a7-81af-1f7d9f9c51cb	True	1.0	500	True	24	2.11032	0
627	3e72fa71-b35b-414c-9d14-bb117f570b69	False	5.0	125	True	567	9.215489999999999	4612
628	66624b33-fa94-42c1-835a-1ddd86677e9d	True	10.0	1500	True	331	20.352899999999998	0
629	77b0ad2e-ca9a-49ea-aff2-0c453391c877	False	7.5	125	True	637	9.21623	4672
630	1a3c1ccc-0e8e-446a-a0f0-c653010ac0c2	False	5.0	500	True	580	10.54987	5426
631	0f61759b-187e-46d3-a5ba-f2325b0d5a16	True	1.0	2000	True	63	2.02476	0
632	8ecd6785-46b4-4656-b9bc-1fb6dbf71ae1	False	5.0	1000	True	600	10.27013	3422
633	1bdf7dd7-4d82-47b8-ab52-103bc114e372	True	5.0	750	True	171	10.36047	0
634	257f4993-06d1-45ae-82c4-43832924bf34	False	5.0	250	True	575	11.11289	3031
635	9c86e56a-1e55-410f-a848-86f995d16293	True	1.0	2000	True	69	2.02476	0
636	1b4ffa4e-e5ca-4d9a-8c3e-4115ba11a9da	True	2.5	250	True	80	5.551550000000001	0
637	99d7a2f5-f669-40e2-baa5-f1ea42a0928a	True	2.5	125	True	79	5.40886	0
638	fb239092-0bc3-43e0-99d5-d25d17182f25	False	2.5	250	True	503	5.55155	5197
639	25b21128-6863-41ad-be26-be9ef2820873	False	10.0	750	True	732	20.716	2505
640	4a3d9764-c732-45e2-a831-ab1cb1dcda3d	True	7.5	125	True	214	5.397349999999999	0
641	05c88818-b13c-465a-ada1-ddc4c240e560	True	15.0	1500	True	402	27.6458	0
642	7334220b-e4f1-4b69-8bc7-3c4fc825cf12	True	5.0	1500	True	196	10.17525	0
643	ab804868-cfb4-4023-b785-07522c2b9321	False	10.0	1000	True	743	20.525399999999998	3476
644	297f7885-68ed-442b-8259-e6d1b8669741	True	5.0	250	True	156	9.33146	0
645	00c191f9-78cd-47ec-a4fd-2c2c4252b38a	False	1.0	2000	True	484	2.02476	648
646	30cc2d41-d8e1-4620-9cdb-c4c64d8bb6df	True	2.5	250	True	86	5.55422	0
647	f881bdc3-4d81-4c92-8c39-35571ee6660e	True	7.5	2000	True	274	15.17269	0
648	b3d388c5-599c-47ae-ae00-cfad5e8f83ca	True	7.5	1000	True	255	15.401900000000001	0
649	54e9c7bb-da49-4d75-90fc-78a0353cd44a	True	5.0	125	True	142	5.40005	0
650	4637c7ba-450e-4ab8-aa0f-fa9865e81efc	False	7.5	1500	True	688	15.258	3171
651	32402fe3-2631-42c2-bb6c-cb02f72eb35b	True	5.0	2000	True	206	10.12378	0
652	57ecf606-dd3c-4259-ad6b-a93be6d0f130	True	2.5	1500	True	124	5.09008	0
653	574ee69b-6f3a-4f47-b5fa-2159aa670aec	True	7.5	2000	True	275	15.1954	0
654	a1e49c6f-37ec-4522-8a02-869a6602d45d	False	1.0	125	True	424	2.44678	4888
655	2b9f3054-4616-4b15-82ab-0dc75ebf4fe0	False	5.0	500	True	582	10.54987	5073
656	82806de4-a559-425d-8c7a-443e3a61451f	False	1.0	750	True	458	2.07384	1718
657	c1806358-0bd7-4fe0-acb7-c455cbf1cb56	False	2.5	500	True	517	5.27747	3148
658	8b34c925-abba-4a76-a366-542a19d8e5d3	True	5.0	125	True	140	5.4061699999999995	0
659	19b346f9-0064-4c2f-a1b7-0e1a576360b4	True	2.5	1500	True	121	5.09008	0
660	fae6d412-950f-43ff-95ab-6c3ddb931082	False	15.0	500	True	799	24.0624	3569
661	2a7601ec-389b-41eb-becb-4aa82fdc4a91	False	5.0	500	True	583	10.540569999999999	5434
662	777834b6-097e-4c6a-b20e-84d08d08732c	True	1.0	750	True	33	2.07384	0
663	53d57985-9505-49c3-a9f4-34bcd0e8aa61	False	1.0	1500	True	479	2.03408	852
664	640bf4c4-3a34-4914-8657-9c0c2e2616ab	True	15.0	125	True	353	5.40005	0
665	a8da8ece-e68b-49eb-bfd5-f09882010f2d	True	15.0	1500	True	408	27.6385	0
666	058e123d-7601-499e-bee9-d0cd821c63b2	True	7.5	750	True	241	15.54009	0
667	81a0f08b-2b4b-499f-9ed2-020f47d49be5	False	7.5	2000	True	697	15.192160000000001	2135
668	81e6838c-bd55-4be9-9f07-ad63ff9d71e2	False	5.0	750	True	593	10.3667	3840
669	a97bf228-395f-4af7-89f6-a18bb2e628e1	False	2.5	1000	True	535	5.13836	1498
670	35fe4dd9-863d-4523-be63-0ed3da5b0cfb	True	5.0	250	True	155	9.32479	0
671	478ed621-f855-4db3-98ba-b141647d7a9a	False	1.0	2000	True	482	2.02476	644
672	deb89696-f572-4e3a-b5f0-eca5c4de5133	False	7.5	250	True	645	15.200600000000001	4169
673	75bfd385-fadc-47e8-87d3-ded69f67999d	False	5.0	2000	True	627	10.13676	1792
674	36825e2f-2e71-4de3-acb8-ba6f5c6092ba	True	7.5	750	True	247	15.550049999999999	0
675	2e54928e-b294-4c67-a3ef-fc86a39946be	False	1.0	2000	True	480	2.02476	642
676	dfd54f15-74f5-40ee-8bd6-1802979df188	True	15.0	250	True	366	9.33013	0
677	38fb5747-49ca-471e-8e90-f9d3703de05d	False	7.5	1500	True	686	15.260449999999999	2801
678	fe3bf0af-4677-4a26-937b-f59a910ef059	True	7.5	250	True	221	9.337679999999999	0
679	b351fac9-d2bf-45e0-bd30-03bccababdc9	True	5.0	1500	True	198	10.177700000000002	0
680	24641aa6-656c-4b9f-b463-0c37716a9519	False	1.0	500	True	440	2.11032	2496
681	4f200771-3c55-4430-b446-f75822653daa	False	2.5	125	True	496	6.11608	4170
682	d156d60e-abbc-446a-9cbb-f97f5555c3c6	True	7.5	250	True	224	9.337240000000001	0
683	79fc5eb2-6f75-4c90-aa29-fbd6ef65ab4f	True	7.5	1500	True	262	15.258	0
684	632e5c23-f098-42a2-8073-ebe298a6674b	False	5.0	1500	True	615	10.15814	2432
685	80ea4c29-cf4e-4c56-9b0f-7a8cd2a3552d	True	1.0	125	True	7	2.4450700000000003	0
686	124065fd-4bbc-400c-84f8-bff54ef8de89	True	7.5	750	True	244	15.54382	0
687	f3a1994a-ccac-4e09-a35f-5f8a2f56bb6e	False	1.0	750	True	459	2.07384	1727
688	8921040a-9bf6-425b-b21c-f6e0f9b21d00	False	15.0	750	True	809	28.9204	2883
689	38907a0e-c117-4bc1-9aa1-b02b6ad766ea	True	2.5	1000	True	116	5.13671	0
690	cfa89efd-46ba-40cb-a237-53c7feab6f55	False	10.0	250	True	712	15.239740000000001	4034
691	f22c338b-7c56-4747-a98b-450492c103df	False	10.0	125	True	706	9.18882	4673
692	82985045-9508-4ffe-b4cb-94e23d2e1721	False	15.0	250	True	789	15.213049999999999	4171
693	b9b8af6e-d0f0-4486-ae38-7f933b90afc9	True	15.0	250	True	368	9.332799999999999	0
694	551133cc-1f5d-4289-8c27-cab5aee3a06c	True	1.0	250	True	10	2.22133	0
695	39250c83-7af1-4ca1-b9b2-289bbf896029	False	2.5	1000	True	539	5.13671	1528
696	be4c6d30-9021-4791-8003-a96bab4afad3	True	5.0	125	True	148	5.40665	0
697	ba971a42-4d86-402c-a62a-0ea2e6c5cb5a	True	5.0	1000	True	183	10.27178	0
698	6f5794d3-cd21-4ec0-843e-7b0b65e5b781	True	7.5	500	True	237	14.72064	0
699	7517c996-e639-4f99-ad06-8e71d0c2e980	True	15.0	500	True	376	15.906740000000001	0
700	5f0fb041-7232-4d46-a193-6d38021934ee	True	2.5	750	True	102	5.18335	0
701	c6056c82-ad64-4dd9-97c4-86a3772c8af8	False	2.5	500	True	514	5.27578	3044
702	4b02ee3e-559a-4c70-bb6a-e331c00759ae	False	10.0	750	True	739	20.7172	2457
703	343dcdcd-fc7f-470d-8d54-383fc79f158a	True	7.5	2000	True	277	15.18242	0
704	b65d9d59-eba7-46c0-8b44-c19bbabe18e8	True	2.5	250	True	82	5.5511099999999995	0
705	901309ca-c4ed-43b0-928c-44f7eb588fa9	False	15.0	2000	True	833	30.3811	1631
706	700ae2ef-a651-4a58-80d3-0427a3aeaaeb	True	5.0	750	True	176	10.362960000000001	0
707	8fd74c94-40ae-4e04-b8e9-2094fd1a1bb9	True	7.5	500	True	233	14.71895	0
708	261b585a-06bb-4174-84ad-ac1f88944ab9	False	10.0	1500	True	754	20.3358	3583
709	062cd43b-a941-442d-abed-7f7d4953d567	True	15.0	1500	True	407	27.6312	0
710	3b91cd20-967e-4886-8e7f-6b0930809833	False	5.0	1500	True	611	10.175260000000002	2643
711	52c9a60a-4bfe-4614-a1ac-343cca83756a	False	5.0	1000	True	604	10.27343	3850
712	39eac6e9-d1ee-4387-9413-327d7a6a80eb	False	2.5	750	True	527	5.1821	2065
713	d7d5a744-b714-4e92-b71c-cc22857ce413	True	1.0	1000	True	48	2.05272	0
714	6701fc10-5716-4e5f-80d3-1fcaa2520246	False	15.0	750	True	803	28.9378	2769
715	b5110a50-ddcc-47d1-b085-a2bd73820a1e	True	10.0	500	True	309	15.95658	0
716	d0282a82-e0b7-4048-b6ab-9feb47bf00a5	False	7.5	750	True	660	15.541329999999999	5054
717	7fe7dc58-854e-4352-af00-3d163003ffac	True	1.0	2000	True	61	2.02476	0
718	010fd2ba-0cd9-40cd-a0b7-48c48decf617	False	2.5	125	True	490	6.10923	4145
719	063f0d81-dc7c-4698-b49a-0b3b6045c35f	True	7.5	2000	True	276	15.18567	0
720	7e776b52-13e5-4f25-a6b4-2ae52e6ccd84	True	1.0	125	True	9	2.44703	0
721	8f0f31ba-3fa0-48bd-97d7-a6e8e93573ed	True	5.0	2000	True	204	10.13027	0
722	90ec3ffc-01f4-4967-bf6c-c83163bae3ca	False	15.0	2000	True	836	30.371299999999998	1723
723	6dae903f-8706-473f-99e2-20c7fc773aab	False	10.0	250	True	715	15.21438	4114
724	69c36215-0d05-4eba-8961-8833a95135bc	True	15.0	1000	True	399	25.5125	0
725	2a39ee49-3aec-4f28-9ea3-a910a17efb45	True	5.0	500	True	166	10.55156	0
726	ce6d0018-ca0e-4a87-8dc3-6893ac492597	False	5.0	2000	True	621	10.13676	1824
727	6533d8e3-2914-4df0-896c-55ac086117a3	False	5.0	250	True	576	11.107990000000001	3059
728	8c02856c-46ea-4350-ac44-551a332502a8	True	5.0	1500	True	190	10.180150000000001	0
729	8ffae658-d8ee-4d74-a959-02893935a113	True	2.5	1500	True	127	5.09008	0
730	b93a075f-1ed0-4178-b9d4-0a46f0b63556	False	10.0	125	True	701	9.20424	4601
731	d89dfc12-7087-4d01-b0b1-6bacb062fd17	True	1.0	750	True	34	2.07384	0
732	f1112b3d-5243-47c1-a9b7-5d0a668ed291	False	15.0	2000	True	831	30.4103	1550
733	f66a32e3-aed1-43e8-aa8a-486095abbcf7	False	15.0	500	True	796	24.0168	3490
734	def5efe0-c86a-47ab-ab10-bdb3d7b3da8d	True	5.0	1000	True	189	10.26027	0
735	d09a0723-6f05-46c4-a957-0e25c970c9da	True	10.0	500	True	308	15.95067	0
736	0703b1c0-fc4f-4325-825e-603eddadc9b5	True	5.0	2000	True	200	10.12378	0
737	b65ef93e-051f-4416-b1b9-944ecb293204	False	2.5	500	True	512	5.27578	3165
738	6bbc9da2-ad5e-4183-8e08-d1b9ff39e098	True	5.0	500	True	160	10.55578	0
739	f5f99b65-9d47-4609-9351-75a39671463f	True	10.0	125	True	281	5.41008	0
740	81eee000-3adf-401d-9c5f-44afba81e6b4	True	15.0	250	True	363	9.35281	0
741	16ebc1b7-f881-4380-af10-97d0558e438b	True	10.0	1500	True	336	20.360300000000002	0
742	4163f824-a108-4cdb-bd41-f5257f75e68b	False	1.0	1500	True	471	2.03408	852
743	0d914fcf-13d2-4ba1-96d7-f7f978f4624a	True	1.0	125	True	2	2.4433499999999997	0
744	26e68bf0-869b-4210-ad14-e22d8bccb557	False	7.5	125	True	638	9.169229999999999	4746
745	b8f13661-0ddd-4b10-9cd8-67dd14cd5b6d	True	2.5	1500	True	123	5.09008	0
746	e3c79e2d-ab48-44ca-a8a0-150f92724b40	False	2.5	750	True	521	5.18335	2276
747	f4c28371-4ce5-4987-a0e3-7dc149a378c3	True	10.0	125	True	286	5.4198699999999995	0
748	202e4e33-409f-4885-98f9-29f611a8a99e	False	15.0	1000	True	815	28.858	2112
749	c6d1124c-3dd8-41df-8dfb-0746e137b937	False	7.5	1000	True	670	15.39203	4282
750	a388dcfb-17e4-4996-8700-ffc4b9bbe5d5	True	1.0	125	True	0	2.44678	0
751	14b47cd4-b612-44c6-9dae-c7883f53bdc2	False	2.5	250	True	504	5.55511	6009
752	6fccc06b-0e4d-4d7d-9af5-ced3a1405d28	False	1.0	2000	True	485	2.02476	644
753	2033322a-106b-4195-8b09-44ff8b599a02	True	15.0	2000	True	412	29.6997	0
754	27ca23e0-76e6-423d-9e19-037d1dfc6322	True	7.5	1000	True	254	15.395330000000001	0
755	09744194-a492-49c4-bf8d-5cfce450fff5	True	5.0	500	True	161	10.55325	0
756	b2d09523-2c40-4579-aa03-83e0a5b4d91b	True	2.5	125	True	71	5.4069	0
757	32e9808c-cfed-452b-8e3e-eb66741cad72	True	10.0	500	True	305	15.91434	0
758	5431f1ff-9a06-4d5c-a945-4df24213fff0	False	15.0	125	True	779	9.17511	4712
759	5d41e499-681a-4dfb-8657-660f92359124	True	1.0	2000	True	64	2.02476	0
760	3c262015-2a3a-485f-99f6-af1a1062e5ab	False	7.5	2000	True	691	15.18242	2595
761	ef873b89-5c98-463a-bb06-017a882780ae	True	5.0	125	True	145	5.39172	0
762	40257b10-160f-47d1-8740-b218e36e04ed	False	1.0	2000	True	487	2.02476	644
763	0e7a23d1-1cfc-4770-ae28-c7b83122b269	True	10.0	125	True	280	5.410080000000001	0
764	b09a868d-abf9-42d3-9be0-1ce7b1dac6fb	True	15.0	750	True	387	21.0856	0
765	541e2a03-d7c2-4684-9062-18256b3d140a	False	7.5	125	True	639	9.21623	4600
766	3231abf6-770a-46a5-80c8-3ae915a5606d	False	2.5	2000	True	555	5.06838	859
767	82e967d4-8ae7-4098-a83b-fecc80e2acc8	False	2.5	500	True	518	5.27324	3474
768	a65a699b-0475-47a0-9089-36e76cae7d6b	True	15.0	750	True	386	21.1068	0
769	cb86a187-0569-43b8-a21e-04d6e0063964	True	2.5	1500	True	126	5.09008	0
770	63294b1e-643d-4f18-9b9b-4e5faf43327d	True	10.0	750	True	311	19.23963	0
771	db58ce7c-1a0f-4add-b96e-f61a6cc399be	True	7.5	125	True	216	5.410819999999999	0
772	0160f0de-f093-4010-9e5f-7aca8c6efbbb	False	7.5	250	True	640	15.1143	4263
773	d3b6aec6-a9a4-4639-8d33-bcbbb3f4cbd9	True	1.0	1000	True	40	2.05272	0
774	6f71a4b7-2275-44d8-aa2a-6eaf00f08938	False	1.0	1000	True	469	2.05272	1276
775	bfb063c6-310b-4cde-b3c8-1f2c05763c63	True	2.5	2000	True	131	5.06838	0
776	e53f08c0-49ae-494c-bd74-0652642f7c06	True	2.5	1000	True	119	5.13671	0
777	10c6717b-46ab-41c6-9f0b-c1a2703a362d	True	10.0	1500	True	337	20.360300000000002	0
778	8b286cfc-849c-4316-b698-98099760d0f3	True	1.0	500	True	27	2.11032	0
779	9edfd027-0232-41cd-b79b-d0cdae59d039	True	10.0	250	True	296	9.33057	0
780	7bf998b8-7f0e-41bd-8e05-d229af35928f	False	10.0	2000	True	769	20.2313	3099
781	0c7f8349-d833-4845-bd71-7bbdb692f408	True	7.5	750	True	246	15.550049999999999	0
782	55ce004a-4955-4258-baab-df1378fbf715	False	10.0	250	True	711	15.19125	4174
783	54ae69fa-0ae8-495a-93d2-9d8b4d7a35a8	True	2.5	2000	True	135	5.06838	0
784	b5ec033b-7103-423e-a4da-9a0b27bb8112	False	7.5	1500	True	684	15.27023	2982
785	e6bf5c58-d04a-4bd3-836b-69dde1916611	False	5.0	250	True	572	11.101320000000001	3149
786	e6ce3b17-2f9e-4495-bd96-a3a897cbceb5	False	10.0	250	True	710	15.18102	4306
787	e01c4dda-f950-4dc2-a6d1-c3386f1759c1	True	2.5	125	True	73	5.40102	0
788	e03ba763-16c4-4b36-8ffb-fd19704545f2	True	7.5	2000	True	272	15.1954	0
789	9437e0b2-1a84-4bd5-baad-34ca3c381228	False	7.5	125	True	630	9.17633	4676
790	30433863-ee8e-4143-937e-c19738c77e17	False	10.0	250	True	717	15.16724	4206
791	9a5111c8-3dd9-491d-9c05-cbffe8488a0b	False	15.0	1500	True	828	30.5038	1541
792	1f015d2e-7f4c-42f8-995f-ca3e6d992498	True	10.0	750	True	313	19.21971	0
793	38d0e1af-7e04-4ef4-9242-8515fb04ac91	True	2.5	125	True	70	5.40274	0
794	1a7263e7-6b58-40a8-bcc6-f615ce8ef373	True	2.5	500	True	99	5.27747	0
795	fdc27d3f-266c-4415-8279-f9adeb2e44d2	False	1.0	750	True	451	2.07384	1702
796	eeaec750-ad0a-4357-a804-01c644ffdf65	False	7.5	750	True	661	15.53262	4822
797	b31653a6-3e28-4fe2-8ba9-211370d4d7f6	False	10.0	750	True	730	20.7383	2458
798	43be7e79-e09b-4273-9b25-6e6fcdea574a	False	2.5	250	True	506	5.55645	6071
799	fec5b908-1fcc-49a0-8e93-94facab3c609	True	2.5	250	True	84	5.551550000000001	0
800	e7f9de2c-c7d3-4e31-83b3-70c050386f18	True	2.5	250	True	87	5.55377	0
801	2ecd5495-d84c-4494-b451-0871e9237a2d	True	5.0	500	True	169	10.538879999999999	0
802	002e7baa-b18f-4dd2-90bc-425115f226fd	True	5.0	250	True	152	9.3359	0
803	9e0f5f4e-3862-43fa-992f-4337d89d9700	False	1.0	250	True	432	2.22312	4624
804	bd5ba589-444c-45aa-9c25-ffd36a3bb31a	False	15.0	1500	True	823	30.4891	1518
805	5587724b-dc2e-4166-a1c9-a2a489e77f2c	False	2.5	1000	True	537	5.13836	2018
806	8652c20d-baab-437b-bb29-2aa9cd236b19	True	5.0	125	True	146	5.4135100000000005	0
807	612ae910-ebbe-4b6c-8c92-ab5d26e19014	False	10.0	250	True	718	15.04847	4372
808	c5e03d34-479d-4346-930a-1c01a82a17e8	False	2.5	1000	True	530	5.13671	1883
809	15131be0-2048-476f-bfc2-e2f181723c43	True	7.5	500	True	239	14.68854	0
810	b409e88e-61f2-4a3d-a691-b360f3218520	False	7.5	1000	True	679	15.40026	4300
811	5cf2fe37-0bc8-4d3c-826c-6e8db8d519b8	False	2.5	1500	True	543	5.09008	1116
812	24f25bcc-9e6e-47df-bc67-3733ae09408d	True	5.0	250	True	159	9.31545	0
813	1545dc2f-813b-4991-84df-a8c73f3e28e4	False	1.0	250	True	433	2.22267	4658
814	c5a1bfdb-46c1-4769-994f-b13efc0fa746	True	10.0	750	True	316	19.234650000000002	0
815	c7588a19-25f1-46ba-b95f-69b374ada72f	True	2.5	750	True	100	5.18584	0
816	932b329a-56e1-42ad-9d6f-ca7b7484fd77	False	5.0	2000	True	623	10.133510000000001	2047
817	b54b3461-da6b-4b23-a39b-6c1bd90e0496	True	15.0	125	True	351	5.4091000000000005	0
818	e437cc6a-4670-4d6e-a0a0-d869aae8bc4f	False	15.0	125	True	770	9.152090000000001	4713
819	6906b7bd-cd0a-4ac3-9b7d-a275c43fdb27	True	15.0	500	True	378	15.98108	0
820	6821f802-e0c9-4ec4-9858-a9512bb11060	True	7.5	750	True	240	15.531369999999999	0
821	bb53236d-b658-4dac-89ca-e24528b94f49	True	5.0	750	True	170	10.357980000000001	0
822	f26230ec-b517-414e-9574-8e11553990b9	False	5.0	250	True	571	11.105319999999999	3124
823	13b1b02a-437d-45f1-bbe6-50ab9796ae31	False	5.0	750	True	597	10.36919	4407
824	16ec32d3-0da7-4cb9-bff7-4a999c99c718	False	2.5	2000	True	551	5.06838	1036
825	6d9b2d2f-2aec-4979-ae71-c5bb677d038b	True	10.0	1000	True	328	20.3824	0
826	fb2e4e83-fbe6-4dc8-a6cd-06db184eedea	False	5.0	500	True	581	10.54817	5189
827	fd910e8e-2cde-46bf-bbf0-93905c3f7d43	False	2.5	500	True	516	5.27578	3079
828	2e1bc897-f5cc-4c5d-9d25-05d571e4bb37	False	15.0	500	True	793	24.092	3440
829	9c9c6ced-2b73-4d25-941b-e7793cdf999d	False	2.5	1500	True	544	5.09008	1340
830	1b7f9438-b935-4d87-88d2-62aaefd4eabe	True	1.0	750	True	37	2.07384	0
831	30e66eba-48b1-4472-abde-9e120d3654fa	True	15.0	2000	True	417	29.641199999999998	0
832	f16b0f22-f68a-41b3-8297-d844aaedabec	False	15.0	250	True	780	15.12098	4230
833	e6da9ccd-acd1-4d4e-9e41-722f18931899	False	7.5	750	True	663	15.54506	5121
834	7b48cae2-3408-4673-98c2-246d85baa1ba	True	5.0	750	True	172	10.36545	0
835	1d4b2901-2831-4498-aa32-a5561722bb16	True	7.5	250	True	222	9.3359	0
836	f71ee11e-40e7-4500-856a-628609a14346	True	15.0	250	True	360	9.34258	0
837	ec7780e3-fff2-4eec-8540-f0766ef941e3	False	15.0	500	True	791	23.9281	3516
838	a8d31d32-fa90-453b-a24f-545ea960d522	True	10.0	125	True	284	5.39956	0
839	064336f9-e900-4ccd-821a-b63203dbc34f	False	10.0	250	True	716	15.16724	4193
