	id	rtscts	hidden	datarate	packetsize	verbose	rng	thr	rtr
0	8c021f50-b999-49f9-b959-2d9e88eeee93	True	True	1.0	500	True	3	2.11032	0
1	929684db-cc6e-429d-be8e-afd1d4903204	True	False	2.5	1000	True	155	5.13836	1469
2	a4694062-250b-47d9-bab5-be5336ddac44	False	False	2.5	500	True	389	5.27325	622
3	a125d4be-6cc1-49ed-a11a-223b1810cbdf	False	False	5.0	1000	True	416	10.27178	3103
4	1346f334-47cc-4317-ad1a-2cc6f685c024	False	True	7.5	1000	True	319	15.40355	4
5	999caa3f-aabb-48d8-a7bb-20363547c992	False	True	1.0	1000	True	258	2.05272	124
6	c24ddb95-b6df-4527-8921-4a7795e12378	False	False	2.5	1000	True	392	5.13836	1477
7	61011411-6fdb-4594-a342-639084b4601b	False	False	10.0	1000	True	458	20.5387	3453
8	3ea9df7b-f878-43e8-9e15-a196feb790d8	False	False	5.0	500	True	407	10.55071	5447
9	17545fb0-a3ff-4941-b553-a87ff7a27db2	False	True	10.0	500	True	329	21.0871	13
10	f449c3ff-0653-432a-b086-456c5088b3f9	False	True	2.5	500	True	269	4.75031	61
11	1eb9b121-5346-4686-bbc5-f87580ec0928	False	False	5.0	1000	True	410	10.26685	3234
12	ee3bef47-6c57-40f6-84e3-1bcde6b1c8bd	False	False	7.5	500	True	422	15.81381	3434
13	3852ac81-f894-4929-ade5-07efeb75de2c	False	False	10.0	500	True	445	20.0995	2961
14	7285b38f-1ed1-4faa-a8a1-ab1a9059c7eb	False	True	10.0	500	True	323	21.0845	12
15	c67f410b-07d9-47a3-8872-19de941bb358	False	True	5.0	500	True	281	10.53382	5
16	aa1f5bff-8720-48f9-bd6c-9e0fdce68e3e	False	True	7.5	500	True	303	15.82395	10
17	8457b24e-166e-4d85-84a7-57051a1f543a	False	True	5.0	1000	True	299	10.27178	7
18	23c83740-7533-405e-803c-6640549dc688	True	True	10.0	500	True	84	17.70194	4
19	63f755be-1a94-40e9-b3d0-60271b9b3ec3	False	True	5.0	1000	True	296	10.26191	59
20	4893ad30-3a12-4c88-82d8-2a8b0397e750	True	True	2.5	500	True	27	5.27325	17
21	1d06ad99-38f5-4a3a-8e6f-39fafa7993e3	False	False	2.5	500	True	386	5.27747	1485
22	713f4242-bb97-4194-b57a-2dc8b322d386	True	False	15.0	500	True	226	16.49388	0
23	3ae25037-c4ae-4b11-9977-42ccb4f883fb	True	True	15.0	1000	True	117	27.976399999999998	6
24	6a59fd89-a17e-41f9-886e-3ebfdb930619	False	False	5.0	500	True	401	10.55325	5598
25	8a119588-f7b9-4b3f-acde-ab61db553b3d	True	True	15.0	1000	True	119	27.8974	10
26	2e543ca4-9b4f-4748-852f-7a2dfeaf2652	False	False	7.5	500	True	423	15.82986	3585
27	5aeb5600-5b7a-4f11-b985-775315639036	True	True	1.0	500	True	8	2.11032	0
28	aa970d71-429d-47df-b298-745d89077c07	True	False	2.5	1000	True	156	5.13507	309
29	724ebfbe-588e-442d-a276-3927897d60e6	False	False	7.5	500	True	425	15.81212	3456
30	2f6a6b42-c984-4623-be73-4c346a53a422	False	False	1.0	1000	True	379	2.05272	529
31	9ec0b6d1-43af-41d4-919d-c633255b8246	True	False	15.0	1000	True	232	26.288800000000002	0
32	bf8ab670-792e-48e9-b6b0-554987c493b0	True	True	10.0	1000	True	91	20.5321	4
33	e8fd494a-f1fe-445e-bc30-7475b72c2345	False	True	1.0	1000	True	253	2.05272	0
34	c2c656cd-2f42-442a-8859-f335b981698b	False	False	7.5	500	True	428	15.82479	3486
35	b970b29b-1274-4e77-9132-96101f47e879	False	False	15.0	500	True	460	24.0126	3503
36	f81e31dd-f00f-4bff-937c-8ad646301bc8	True	False	1.0	1000	True	135	2.05272	529
37	e0911aa5-6605-4d6f-848c-d03cf16d366c	False	False	1.0	1000	True	374	2.05272	124
38	d44d3e0c-82a5-4a16-83cc-d9f747f29cd9	False	True	10.0	1000	True	339	18.25732	7
39	94bfdca0-7797-490c-885d-937f97e5826c	True	False	15.0	1000	True	237	26.2675	0
40	40d870a9-bab8-4afd-bfeb-7d05b382357f	False	False	2.5	500	True	384	5.27409	651
41	d102a304-0894-4316-831e-6273135a9e07	False	True	2.5	500	True	263	5.272399999999999	35
42	07bb710c-67a8-4e85-963c-f534d0912282	False	False	1.0	500	True	360	2.11032	775
43	b8356247-2afc-4518-bdb2-08b7b3171a60	True	True	1.0	500	True	0	2.10863	250
44	69467909-2911-4202-8136-c5fbc277ad66	False	False	7.5	1000	True	434	15.405190000000001	4376
45	31664037-896d-4abb-8ec0-2568ee86d9cc	True	False	7.5	1000	True	197	15.398610000000001	2294
46	895d40c8-104b-4f98-8711-998c74724a52	False	True	5.0	500	True	280	10.54733	3
47	9cb75c28-1c81-4efd-a069-e347f9e11d64	True	False	10.0	1000	True	211	20.5502	0
48	5171d89f-93c4-4fbb-85dd-1c7185e38be8	True	True	10.0	1000	True	92	20.499200000000002	9
49	a085e4db-d6fc-42b0-b7f5-a9e68fbfc6be	False	False	1.0	1000	True	372	2.05272	566
50	ee6d238a-0b29-4daa-afe3-10c6c80f55f6	True	False	10.0	1000	True	210	20.5452	0
51	1e18e238-7c57-4410-846b-be868fa94c47	True	True	7.5	500	True	64	15.03322	4
52	84a782c7-e82c-474e-b118-cb9c41fbc852	True	True	15.0	1000	True	115	27.983	4
53	799ef4c6-6e75-493e-af4f-2a37709f2efc	False	False	7.5	1000	True	430	15.41342	4264
54	f807601f-f0da-4607-94cf-06c67d773bca	False	True	15.0	1000	True	350	30.7939	9
55	076ff07e-eacd-4c88-9e43-e677b6e08313	False	False	1.0	500	True	366	2.11032	789
56	857e6699-38f8-41cb-8667-fdc1795c7d22	True	False	5.0	1000	True	175	10.26849	3084
57	04b337cf-41c5-435d-9e68-1cd54f359a6e	False	True	7.5	500	True	302	7.91662	0
58	bab57bdc-2fb5-4187-bbe9-4643ea81c66c	False	True	15.0	500	True	344	28.1453	19
59	07686af1-8b86-4689-a927-88c9cf6ca5bc	True	False	1.0	500	True	129	2.11032	755
60	52ceae99-7bd1-4d6e-b6c7-fc380aa0ef46	False	False	15.0	500	True	469	23.886699999999998	3670
61	9bf1a910-5950-495d-b4cf-a126aa4776bc	False	True	7.5	500	True	304	15.82902	8
62	8f151cbf-e28a-4570-a181-cda37922f799	True	False	7.5	1000	True	195	15.39532	2198
63	9c39301d-42e9-4762-8679-cbb595e46f70	True	True	15.0	500	True	105	17.72137	9
64	eff3c5d3-549e-42f3-96cd-b3bcf70dc483	False	False	7.5	500	True	421	15.83155	3449
65	4b8d8e9b-a580-47bd-b7e7-425568e16164	False	True	7.5	500	True	309	15.81466	3
66	d34cfdff-af06-40db-a6a8-d1593572c080	False	False	10.0	1000	True	451	20.5354	3571
67	d582a0a4-99b7-43bc-9cb3-cc3e4416e32b	True	False	5.0	1000	True	173	10.27014	2728
68	47b30c2b-7cfb-4f91-84cc-7812031fea84	True	False	2.5	500	True	142	5.27663	2682
69	89b2f89c-edc0-4952-a77e-ea2dc99fbeb9	True	True	7.5	500	True	61	15.04335	4
70	7288b499-107f-42f1-82b6-2016cdea7049	False	False	2.5	500	True	387	5.27747	1939
71	245b6670-6731-4508-8481-dd6b74e7449f	False	False	10.0	1000	True	454	20.5354	3532
72	d4b667ce-176d-4f4b-92b5-1248d17b0c81	True	False	15.0	500	True	220	16.465989999999998	0
73	29f7d759-eef0-426d-8faa-3b63eed3ddb4	False	True	7.5	1000	True	312	13.878820000000001	53
74	9261f43b-52fd-45df-9163-8eec979cd172	True	True	7.5	1000	True	72	15.395330000000001	9
75	41aae307-73e4-488a-b96c-1eb81ec60d1f	True	True	2.5	500	True	26	5.27494	21
76	1d9f0b94-7d1a-4958-a6ab-97445b1391c8	False	True	1.0	1000	True	256	2.05272	0
77	263eb875-88ba-4b37-a03a-6fbb32583536	True	True	7.5	1000	True	71	15.40191	6
78	00bf3514-aeda-41a3-9305-19286ec5acb2	False	True	5.0	1000	True	290	10.25862	18
79	1d72f5de-b7f3-4ee9-b4d5-ab091904b136	True	False	10.0	500	True	209	16.49134	0
80	f99879fe-22b0-47ef-a517-f477b0cb1d1c	False	False	2.5	1000	True	394	5.13836	1428
81	0995f8a8-96a4-4b6a-89a6-42c74accbf75	True	True	7.5	500	True	68	15.00449	11
82	cbc37a4e-e6b8-4d5b-a81a-36dd4acb460f	True	False	7.5	500	True	187	14.81695	0
83	ca2c7d18-64ab-40cf-922e-832a2c3c9423	True	False	7.5	1000	True	198	15.39369	2302
84	946cd17e-fc76-4507-b67b-ce5e06552cb9	True	True	5.0	1000	True	59	10.24546	4
85	e323f9ac-0599-4805-bfb3-114af668b0f8	False	False	2.5	500	True	385	5.27663	621
86	adbcf105-3ac2-464c-804d-24863d7cf4cf	True	False	5.0	500	True	166	10.54818	1670
87	71cf198d-7607-4d32-951d-7df03a05044e	True	False	5.0	1000	True	174	10.26027	2906
88	dcd49303-5c17-462d-b516-a29f660ba73c	False	True	2.5	1000	True	277	5.13671	312
89	c3a28114-bfc4-485e-b067-265b6dcfbf6f	True	False	1.0	500	True	121	2.11032	748
90	8acbfa98-0212-4ad0-9e4a-b26c436b9782	False	True	10.0	1000	True	338	18.500700000000002	18
91	ce19165f-724b-44e8-a07b-8275e1865a52	True	False	15.0	500	True	222	16.48711	0
92	fb3ab200-04d4-45c2-adce-dde4b6fbaac0	True	True	15.0	500	True	108	17.67575	9
93	9bd60024-dcc2-4b41-a855-c067eba01ec6	False	False	2.5	500	True	380	5.27663	622
94	50c44484-4d11-4004-84c9-34b693fe8197	True	True	10.0	500	True	83	17.67152	9
95	b9a5dc1a-de2d-4c30-a5e1-0d6549d46c91	False	False	5.0	500	True	400	10.55071	5375
96	341a1219-84c3-4dd5-b911-4aa6fd7b88fb	True	True	7.5	1000	True	78	15.39369	3
97	d0ca4fac-4bd6-46a3-a59e-acb270f598f2	True	True	5.0	1000	True	51	10.25368	8
98	ce8a3622-e9f9-49ff-ab3b-fa905bce8817	False	True	10.0	500	True	320	21.086199999999998	15
99	ccfbae15-6f26-4a13-a447-aae1f18f5cd2	False	False	1.0	500	True	363	2.11032	743
100	f7d3d3be-f7a9-4ad6-881c-7cb2eb7f4b84	False	True	1.0	500	True	244	2.11032	0
101	1338d6f3-657c-48d0-858f-5d97c9c81fa5	False	False	5.0	500	True	404	10.54649	5417
102	e7facf10-5dec-4f68-bff2-f858d8aa7c56	False	True	7.5	1000	True	310	7.7026	0
103	526ac82e-e245-4a11-ba9f-9f203e4f1a6b	True	False	10.0	500	True	206	16.49134	0
104	6c07a01c-9dc5-492e-b8fa-4ef6eecba98f	False	True	10.0	1000	True	332	20.548499999999997	55
105	add86ed8-fa48-4719-b182-e9433ce38ad3	True	True	10.0	500	True	87	17.728119999999997	9
106	a247eb2c-2909-427b-943b-7ee069f791f9	False	False	2.5	1000	True	393	5.13507	319
107	cecdfea1-9362-4df5-a14f-9b0d74fedb1e	False	False	5.0	1000	True	411	10.27343	3023
108	bf80d6e5-f2a2-4cdf-a636-8681f2ab0baa	False	False	15.0	1000	True	477	29.3153	2131
109	fceecc61-335c-4b1b-9a3c-eb18da1cdc2c	False	True	10.0	1000	True	335	20.5238	9
110	bad8ad06-65e3-450f-805a-84f8bc85e08e	False	False	1.0	1000	True	375	2.05272	529
111	76e45cbd-ba81-45bd-8af3-36f1f08cfc56	True	True	7.5	500	True	67	15.03152	5
112	06caf8f0-9833-432a-b920-a8f470458de2	False	False	2.5	500	True	382	5.27325	621
113	9d5d37a1-620d-49fa-bf71-80c4d03d0e35	False	False	5.0	500	True	406	10.5448	5740
114	6146a17d-148b-4a63-a67c-2679aadc8a5a	True	True	5.0	1000	True	50	10.27672	2
115	89de895f-af8a-4afa-b295-7d1f26351dc6	False	True	5.0	500	True	286	10.538879999999999	2
116	909be134-4d57-4e44-944e-047bff1dc89b	False	False	10.0	1000	True	456	20.5238	3594
117	179dd370-b1b5-4cf5-903d-f806720736b5	True	False	5.0	500	True	163	10.54986	1684
118	364b7618-e548-4289-9dab-9c9bcdb39bb7	True	False	1.0	1000	True	132	2.05272	556
119	b8daca9c-c0a6-4607-bc6a-3136640ffc0d	False	False	10.0	1000	True	452	20.538600000000002	3524
120	52d07e16-61cb-4c6a-8e79-43b897565443	True	True	1.0	500	True	1	2.11032	0
121	da97569e-b849-499a-9442-d39f30d8ef50	False	False	7.5	1000	True	436	15.41507	4349
122	82f1c076-741b-4186-8266-7c966eb595e7	True	True	1.0	500	True	9	2.11032	0
123	d9ad45a8-9506-41a4-9e5e-b28b05bb51f2	False	False	15.0	500	True	468	23.9434	3582
124	e3e2ab24-29d5-4c3b-a230-c1981742f541	True	False	5.0	500	True	164	10.54649	1656
125	7c5a71fc-e91c-43ab-b38c-d7d19a9cbbe4	False	True	10.0	500	True	321	10.34373	10
126	45debadb-21cd-4b0b-8490-4acc860d77e7	True	False	7.5	500	True	188	14.80005	0
127	ae5aa63e-5ed1-4323-ac3d-3eedc46342ed	False	False	5.0	500	True	402	10.55747	5299
128	ed675dfd-cbd1-4475-a15e-df08e6957263	False	False	15.0	1000	True	470	29.0735	2267
129	48c00c5a-af86-4a72-8ba9-37f8b8faccd2	False	False	15.0	1000	True	471	29.2035	2172
130	791a483c-793a-46be-9c6e-a8b4016a926e	True	False	15.0	500	True	223	16.493029999999997	0
131	c0d8d1aa-dbe1-44e7-b729-8ad479a01589	True	False	7.5	1000	True	190	15.41013	2156
132	e59d3c2b-523e-43f1-8eec-dcdb569cf06d	True	False	2.5	500	True	140	5.27325	2718
133	636699e3-8415-4282-9946-87d6c99617e2	False	False	10.0	1000	True	457	20.5435	3518
134	9d446a3a-cc95-42d7-8897-d21ae11dd756	False	False	5.0	500	True	408	10.55662	5434
135	05a886d5-e433-41c9-97d4-63c3539c16ab	False	False	5.0	1000	True	412	10.27672	3114
136	5d489b21-d832-47cc-8296-aec12e4b44bc	True	True	15.0	500	True	101	17.64788	9
137	25816d5d-7ba8-4fe3-b11e-40d04ce32d3a	True	False	2.5	500	True	143	5.27578	2768
138	c04653ee-2f99-428c-a423-469ee5b117a6	True	True	1.0	1000	True	16	2.05272	0
139	baf0ef75-8ee3-4160-9edb-9604b3599843	False	True	2.5	500	True	261	5.27832	0
140	37c2aa1f-ac03-4055-9a69-9427bc2039c1	False	True	2.5	1000	True	272	5.13178	310
141	bf10b444-0a98-4e5c-bdc3-f82f7af8a609	True	True	5.0	1000	True	56	10.24546	4
142	2a32a6a8-036b-4908-b00b-2a8f8e08f0ca	False	True	10.0	1000	True	330	18.24087	7
143	e394e65a-af65-48a3-bed1-4efa9c4826b3	True	True	5.0	1000	True	57	10.256979999999999	9
144	7f963a9a-a8dd-4f4e-8e3f-cb0e36c6279f	True	True	15.0	1000	True	113	27.976399999999998	5
145	21b8b65f-67d0-43ea-8dd4-fc467cbf7630	False	False	10.0	1000	True	453	20.5387	3575
146	f9b11ad1-c0f3-40b8-9bb1-bc0d459bce57	True	True	15.0	500	True	106	17.76108	5
147	6362053a-aaf0-48c0-a815-de79f347daad	False	False	15.0	500	True	464	24.0169	3556
148	1d79610e-3e45-42a5-b013-512e561810ab	True	True	7.5	1000	True	77	15.3904	12
149	29922135-02cf-4b0a-b82b-232c01bfe6ef	True	True	15.0	500	True	102	17.70278	8
150	a2f4f341-0f57-424d-b9ca-9fa37351bdec	True	True	5.0	500	True	49	10.54818	1
151	1b0dc007-f8d0-4fe4-b083-64c2897325fd	False	True	5.0	500	True	282	10.53297	5
152	072d835e-6200-4fba-bf37-508c534a837f	False	False	5.0	1000	True	413	10.27343	3161
153	a9f78b9a-70c8-4aa3-b9f7-110eff948e38	False	True	15.0	1000	True	358	27.7379	12
154	c1af87ee-5dda-42b7-8e00-eab5bf1343b2	False	False	15.0	1000	True	475	28.9863	2249
155	90949773-023f-4561-ac45-5ec49eadc354	True	False	7.5	1000	True	191	15.40191	2158
156	d7cd7987-dccf-4e11-b0de-3676a46f0b8f	True	True	5.0	500	True	43	10.53551	6
157	705b73ab-6c3d-417f-b3e5-1b5b4a539212	False	False	5.0	1000	True	418	10.27507	3161
158	57457fcf-a46e-4ddd-a207-bfca9270f3b7	True	False	2.5	500	True	146	5.27663	3278
159	67eddc6c-2e1f-4c51-9481-55280e92cd26	True	True	2.5	500	True	22	5.25972	27
160	a203c67d-8838-4841-a5d6-c2ccc6ccb9e5	False	True	10.0	500	True	327	21.109	12
161	77037437-bf2c-4c00-993f-79e157bccf4f	True	True	1.0	500	True	6	2.11032	0
162	bcc2d0d8-6c3c-4539-b689-6ae01fd0e48b	False	True	7.5	1000	True	315	15.40026	6
163	7f3bf80e-e41a-4ed6-8d3d-9e1d711aa456	True	False	2.5	1000	True	158	5.13836	1440
164	d1bc8a7b-3adf-4d2f-a50d-b48038b1c36b	False	False	10.0	500	True	447	20.2085	2961
165	27fe4ab3-29bb-49b0-b04d-84f6796d0575	False	False	7.5	1000	True	438	15.410129999999999	4592
166	711426ff-5bfc-42ff-a21b-f96d4e92bc5f	True	True	10.0	500	True	89	17.73151	4
167	ff7f104d-2004-450b-badd-32ae662d0c18	True	True	7.5	1000	True	76	15.38875	12
168	b494c009-f094-461f-b52c-c1ef913d4444	True	False	1.0	1000	True	139	2.05272	558
169	4aaa8ddc-5d1c-4881-bd03-f0f74c2cdd09	True	True	10.0	500	True	81	17.67828	7
170	ca684365-97fd-4172-972f-8956d806a613	False	False	15.0	1000	True	474	29.316899999999997	2042
171	80d45a2f-6021-49af-8d29-f0f63f6250ed	True	True	10.0	1000	True	93	20.4827	4
172	61ed62c5-3f6d-441b-8f89-cf16bfc56472	True	False	2.5	1000	True	157	5.13836	1424
173	d0441186-883a-48bc-811e-93de69520149	False	True	2.5	1000	True	274	5.13836	0
174	93e94686-8746-4e5e-bf39-b3c46dff5f1e	True	True	10.0	500	True	85	17.7239	6
175	2d00417c-e4d8-47ff-800b-9bd595b90556	False	True	15.0	500	True	346	27.265	14
176	6e97ac78-b41f-4e7b-8c26-b7efdce479c6	True	True	15.0	500	True	100	17.68167	6
177	0b0b1a28-0142-45ca-997d-6f1f687c96da	True	False	10.0	500	True	200	16.47698	0
178	cf1d326f-6f7e-46e6-94f5-765c85a84b6a	False	True	15.0	500	True	340	28.218	13
179	15c2f4a6-1455-44c1-a0f0-417db75ab478	False	True	2.5	500	True	264	5.26987	53
180	11db3849-d0ed-450d-8573-8c142a5d85c8	False	True	1.0	1000	True	255	2.05272	124
181	407c181e-fa5f-4516-b70c-cd549b97a9ca	True	True	15.0	500	True	109	17.67491	5
182	a0cbfda0-8086-4cf3-8047-2b06e365bae8	False	True	7.5	500	True	306	14.25515	4
183	f823fb91-be91-419b-a51f-c1eeb75ed356	False	True	15.0	500	True	347	28.1892	11
184	8b1c632b-b0e5-4a77-a68a-edaff7c5c969	False	False	5.0	500	True	409	10.54986	5529
185	303d3641-a608-4853-b4ab-1cdd545ba5a6	True	False	2.5	1000	True	159	5.13836	1424
186	95cad59c-f097-4e9a-82e9-796ef4606787	True	False	7.5	1000	True	193	15.41178	2174
187	77a096b7-86b2-46ec-98bd-3dea0f94db40	True	True	7.5	500	True	65	15.04673	7
188	13d01514-7850-474a-b413-445b04f10182	False	True	15.0	1000	True	356	30.7758	17
189	1644a100-5841-4df3-8712-949226776092	True	True	5.0	500	True	47	10.55325	7
190	5515bb0f-22d3-44cb-9192-a6732ceca3ff	True	True	2.5	1000	True	30	5.13836	0
191	4e3e7cbe-458c-4b34-80c9-82e80e0ed258	True	False	1.0	500	True	122	2.11032	738
192	583b93b6-9e2f-4adc-b025-74ba8ed61260	True	True	10.0	1000	True	98	20.5304	8
193	43a8ebdc-698e-4f65-b294-0cefd5fd748c	True	False	15.0	1000	True	234	26.2806	0
194	ec9ef07e-201a-46b6-893e-1e8847eb73fb	True	False	5.0	1000	True	170	10.26027	3280
195	ecefad30-4498-4a4c-8496-eafee1079a97	True	False	1.0	1000	True	130	2.05272	596
196	694ab047-9d74-4a89-a193-a5d54c3a41c0	True	True	2.5	500	True	29	5.27578	4
197	e2f453bc-93fe-46d5-9dac-a87deb144a26	True	True	7.5	500	True	69	15.03659	3
198	71c0b260-29c5-40d6-8ef5-fc0964e49cfa	False	True	7.5	1000	True	316	15.39369	6
199	c6e0f60a-af63-40d5-9598-0b2356d07b67	False	True	15.0	1000	True	351	15.716064	7
200	44d37d08-4f0d-4513-92fc-ae547023beae	False	False	10.0	500	True	448	20.1122	3062
201	ec70c671-f046-417d-bd94-2097ec2bb64f	False	False	15.0	1000	True	473	29.1837	2174
202	3e72a5af-ab7a-40df-acc0-770ad1c317c1	False	False	2.5	1000	True	395	5.13836	1436
203	4c47f288-3173-4950-9562-851ac1d2e451	True	False	7.5	500	True	180	14.8161	0
204	bb4d898f-8a64-45b7-bdca-9fc7b10f0f8c	False	True	2.5	1000	True	279	5.13836	0
205	a0d92d3c-5e85-42bf-8649-876cba8fed54	False	True	15.0	1000	True	354	27.7576	16
206	248bcce4-c799-4ab0-9bad-6fc869b24432	True	False	5.0	500	True	165	10.55325	1654
207	f106be3a-cf45-4227-9dc0-492b43f56edf	False	False	7.5	1000	True	433	15.39368	4044
208	e75c948d-2285-42c9-af6a-9a5ecefe1617	False	False	2.5	1000	True	398	5.13836	1127
209	93cf29da-46f2-4a80-ba83-7e0fc54496e4	True	True	2.5	500	True	21	5.27325	28
210	4d211e5e-e329-45fe-b57b-2a284e4398b7	False	True	10.0	1000	True	336	20.507399999999997	11
211	12b0a2ca-b7c0-4f9b-abbd-9d7797c3342c	True	False	1.0	1000	True	137	2.05272	535
212	475366c3-5549-491d-bd24-9b4ed55352bd	True	False	5.0	500	True	160	10.54818	1664
213	a66283f3-1572-490a-acd2-c6ae87849b24	False	False	10.0	500	True	449	20.1721	2944
214	98ae4c16-a9cd-4e32-a45f-4adf81224f19	False	True	1.0	1000	True	252	2.05272	60
215	2a9e13fb-e2a2-4b32-a315-98283ac151c7	True	False	15.0	1000	True	230	26.2543	0
216	e7f23e9c-ab18-4187-a489-4dfed44b086c	False	True	15.0	1000	True	355	30.7528	15
217	2f2f432b-e00b-489c-8394-348e0033efe8	True	True	2.5	1000	True	39	5.13671	310
218	1530a616-ade7-4c26-ac11-d37a0ce50ffd	True	False	7.5	500	True	186	14.80512	0
219	9e4b0af2-862b-4d2b-833b-d27f0732d6b9	True	False	7.5	500	True	189	14.81441	0
220	512f23bc-97d0-4258-b56a-52e543eb45a7	False	True	10.0	500	True	325	21.1015	12
221	087d072d-0ee7-485f-aed9-528ff8178ec4	False	True	7.5	500	True	300	15.79184	12
222	987d98b8-bc92-49fa-8550-12a67c96aeae	True	False	10.0	500	True	207	16.49895	0
223	40397510-e9ab-4563-a533-63f9f7ec63b3	False	True	5.0	1000	True	297	10.27014	7
224	193577cf-a0ca-4944-a347-9e8b0d4b17e4	False	True	2.5	500	True	267	5.2724	26
225	7c950d67-19f1-4c9e-8341-d2043e65e2f7	False	False	1.0	500	True	369	2.11032	630
226	c711d605-ad61-4c86-9dc7-4e30d27e3671	False	False	10.0	1000	True	450	20.527099999999997	3418
227	ac40dad6-5e85-44a9-966c-f2a1ecc51492	True	False	1.0	1000	True	131	2.05272	538
228	e5f9c33d-1862-45db-97c4-1fe504223f74	False	True	10.0	500	True	326	21.0828	10
229	3b60dc51-a67b-47da-9e65-34a05abb52d7	True	True	2.5	1000	True	31	5.133419999999999	311
230	cff24f0f-a9a6-458f-ba11-0b3d2342a3a0	False	False	7.5	1000	True	431	15.40191	4310
231	bcef6d15-49ba-446e-b294-a8ed4eeb4c65	False	True	1.0	500	True	249	2.11032	0
232	2e6b4a85-603c-4432-9afc-a355c9bfe010	True	True	7.5	500	True	60	15.02308	8
233	af6ee83f-c84f-4a02-bff5-a38e0fbcd754	True	False	1.0	500	True	125	2.11032	904
234	1996a0db-43fe-4bf7-bc9c-f1434317f6f5	False	True	7.5	500	True	305	15.82057	2
235	33ac08d0-094b-4ce9-b9c7-1084db53484b	False	False	7.5	1000	True	437	15.40191	4294
236	4bf1d609-f440-4cca-b048-5a83d364f0aa	False	False	2.5	1000	True	391	5.13836	1467
237	fcbc6b82-6d92-4d9f-a477-f0f70a12e6a6	True	True	5.0	500	True	45	10.5524	0
238	9d9e5b9f-520a-4dd1-90ae-53c75d16fc6e	True	True	15.0	1000	True	110	28.0225	5
239	c1c18ffe-f019-46ff-a2cc-2768644e3ca6	False	False	2.5	1000	True	396	5.13836	518
240	dc4b19df-8339-4762-91d9-1378e65a2b0b	True	True	1.0	1000	True	17	2.05272	0
241	79269dae-7953-4959-b499-84ed4c8bb113	True	False	1.0	500	True	124	2.11032	249
242	a8017853-47f1-4995-a704-ffc241d14c46	True	False	2.5	1000	True	152	5.13836	1455
243	a39f7773-6cb5-41b6-84f3-3d7740e6b704	True	False	5.0	500	True	168	10.543949999999999	1652
244	7ee52336-f9e4-4ad4-a987-5cd97f0f5769	True	True	2.5	1000	True	36	5.13836	0
245	c14a7bd7-d321-4802-ae21-af228e5a7dc4	True	False	2.5	500	True	148	5.27409	2305
246	19e1fa87-97b4-4715-ba0a-f3f5c948dc28	False	True	1.0	500	True	242	2.11032	0
247	003576a0-db15-4e89-b8be-2d69af57c034	True	False	10.0	1000	True	214	20.540300000000002	0
248	731d7031-eaa4-4076-8e46-07352531c022	True	True	15.0	1000	True	111	27.9698	6
249	52931258-87a7-4ff0-8dd3-3308823bc7b1	True	False	1.0	1000	True	138	2.05272	530
250	06c19193-b3d1-40b4-8e2d-28e2681beccc	True	True	7.5	500	True	66	15.02646	4
251	a0c4052a-5a86-4801-87f9-2591281522bd	True	False	7.5	1000	True	196	15.40191	2158
252	b0b301a0-e6ce-4a2a-9ca2-3a97287273c3	False	True	10.0	500	True	324	19.00551	13
253	db0c73d0-1e65-4677-b1e3-85890e0400f7	True	False	7.5	1000	True	194	15.401900000000001	2164
254	f6622d65-9214-4839-beab-a1ac2500fc83	True	False	7.5	500	True	184	14.80597	0
255	ee56d6c2-fb3d-42c8-ac43-589be79012f4	True	False	5.0	1000	True	176	10.26849	3210
256	b38fc6f0-cee8-4f5e-8377-98b0758cb7bb	False	True	1.0	500	True	246	2.11032	0
257	aca296c5-abdd-4af0-84f4-6ae5eff63acf	True	True	5.0	500	True	40	10.537189999999999	2
258	a9736fcd-cd50-4c42-b849-0d97afee35bf	False	True	2.5	1000	True	273	5.13836	0
259	013c7739-5fac-4976-9a93-f6442579efe9	True	True	2.5	1000	True	34	5.13836	0
260	30069a81-830f-4bf8-9417-35f9fe76664f	False	True	5.0	500	True	289	10.55071	2
261	b13cd4aa-f474-4bce-ab4e-ef75203ab5ac	True	False	2.5	500	True	149	5.27578	2286
262	5ba565ba-e022-4766-a303-de506cdaa36c	True	False	2.5	500	True	144	5.27494	2500
263	67cb0e63-fe96-4cfa-ab1f-2e810fc2d9fb	False	True	7.5	500	True	308	15.79438	5
264	c16cb8cf-d687-4092-a4cd-f389c54bac83	True	False	5.0	500	True	162	10.54818	1678
265	fbec487b-d866-4c43-a2f8-568b644199de	True	False	5.0	1000	True	179	10.2652	3344
266	0aa560a5-418e-45b0-9a12-de17129ffc39	False	True	1.0	1000	True	254	2.05272	0
267	80699e0a-b6c5-4bbd-9ab5-ba864bee3ed7	True	True	2.5	1000	True	35	5.13178	309
268	ed025c14-eca8-450e-9960-f3cbae54c3e1	True	False	10.0	500	True	208	16.496409999999997	0
269	a3f53c91-0fdb-444b-bd61-2a03f63896c2	False	True	15.0	500	True	342	28.158099999999997	15
270	9f5e6635-5bfd-4b78-b194-47eff391a2d3	True	True	10.0	500	True	82	17.7087	5
271	66440d46-a545-425e-9207-86dc77743326	True	False	10.0	500	True	201	16.488799999999998	0
272	a1daabbd-a9f1-4cc7-bd9e-2565145459dd	False	False	15.0	1000	True	472	29.1935	2279
273	7939e31d-405f-4157-a556-971588474f94	True	False	2.5	500	True	145	5.27578	2575
274	49473312-19be-46f9-858d-a8375fb97bd9	True	True	15.0	500	True	103	17.71799	4
275	5d9f0aa4-c63f-44d7-973c-a3f1782a0414	True	True	10.0	1000	True	96	20.4136	8
276	9a07b079-3c0f-4977-86b2-dd9d9ddebfea	False	True	5.0	500	True	287	10.532969999999999	11
277	84f8de4a-95e5-4030-b2dc-a78e1cee547d	False	False	10.0	500	True	440	20.165399999999998	2903
278	e906dbae-4c1a-4114-8e47-a3230c83005d	True	False	10.0	1000	True	219	20.5271	0
279	6d2251e9-dbd9-4732-9f6e-c67e43e50ef6	False	False	7.5	500	True	424	15.83071	3497
280	04b35af2-a42e-4b21-a295-bd00b2ccfefb	True	True	1.0	1000	True	13	2.05272	0
281	86653fbf-84ed-4fdc-a502-c578663184da	False	False	15.0	500	True	465	24.0616	3487
282	efa759f2-026f-47b4-9147-d6511f7a6230	False	True	5.0	1000	True	298	9.251999999999999	38
283	4e3bf166-715e-489a-bdc3-f43e1cfab12a	False	False	5.0	500	True	403	10.54902	5231
284	f76a4345-c1c2-420f-a785-8a9b1f58676e	False	False	5.0	1000	True	415	10.26849	3286
285	7a452738-4686-40a9-acef-380ed26265c5	False	True	15.0	500	True	341	28.1344	17
286	b6dc022e-a6b2-4170-ba24-c7af5cc2c6e3	False	False	1.0	1000	True	378	2.05272	124
287	25120fbe-4a26-4ba2-8cb4-5fe58dd7d859	True	False	2.5	1000	True	151	5.13836	1424
288	fb921a58-eeb3-4b5e-92fa-a433eb24b4df	False	True	1.0	1000	True	257	2.05272	0
289	de4d8a0c-8e81-4ae8-9b8c-3b4e028e6eaf	False	False	2.5	500	True	383	5.27747	623
290	4dd673f6-a7af-4265-8f3c-3ed40a1ccedd	True	False	10.0	1000	True	213	20.542	0
291	50551c2b-7af7-49a6-a774-a31bff58c546	False	True	2.5	500	True	260	5.27663	61
292	8fea4c8c-02e0-4165-9357-5a9d708b3905	True	False	5.0	500	True	161	10.54902	1650
293	05bf6f7e-d04c-4716-8248-a7105f901b24	True	False	5.0	1000	True	171	10.25533	3372
294	0054dbcf-57a0-46ad-86af-6db320636409	True	True	5.0	500	True	44	10.54649	8
295	53d18496-3d3f-4213-a975-91d4515da47c	False	True	5.0	1000	True	292	10.25368	15
296	15503462-7f05-4cce-aa74-178397201c45	False	True	10.0	500	True	322	21.101399999999998	18
297	02abfdd5-f884-4a42-9eaf-8dc0dba53e0c	True	True	2.5	500	True	25	5.27663	43
298	a0533b5b-f145-4585-92be-f160fe3e256c	False	False	7.5	500	True	429	15.83155	3543
299	5b8c4b83-ad02-4825-b385-f6fb8c523ae2	True	True	2.5	1000	True	32	5.13671	312
300	78c9c75b-a7d1-4755-8f17-37a2eaf2c3bd	True	True	5.0	1000	True	58	10.24052	4
301	8b39ff7f-1a56-44f5-bbec-4c3b4e53a4b8	False	True	7.5	1000	True	317	15.398620000000001	5
302	1118eade-9581-402f-9689-31d0fcf13410	False	True	5.0	500	True	285	10.55071	10
303	dd91a56e-5beb-4870-bf27-f4495e151ffa	True	True	2.5	500	True	23	5.27494	11
304	3974a6fe-acf1-4395-9e8e-7a8e0543ff7d	True	True	5.0	1000	True	53	10.24711	7
305	a06b793d-20aa-4f4d-851f-fd7188f16748	True	True	2.5	500	True	24	5.27325	196
306	21013c0a-db6c-4003-92f9-94c0310a70e5	False	True	2.5	1000	True	270	5.13507	310
307	99aa0ba7-061d-4890-a81c-25919c39879f	True	True	1.0	500	True	5	2.11032	0
308	fd74af69-7a2c-4e63-8b68-7a13f9724b3c	False	True	7.5	500	True	301	15.80959	5
309	5a1c77fd-93dd-448b-8d39-e80347a2545f	False	False	15.0	500	True	462	24.1038	3464
310	64a3a2a7-c60d-490c-a8ed-66850c537a4c	False	True	15.0	1000	True	353	30.7791	14
311	f795fcce-0884-443f-9e87-6ae9a9da00ea	False	True	1.0	500	True	241	2.11032	249
312	0226a779-5793-4aa2-8420-8f4bdaf6c582	True	False	1.0	500	True	127	2.11032	1118
313	f34313ee-c654-43d8-9894-b7119eec2477	False	True	15.0	500	True	348	28.1479	23
314	f50cd9be-6af6-4902-92d3-c7d7ef91fdcf	False	True	5.0	500	True	284	10.54902	4
315	d0de4044-4b20-49b0-b030-68374538f542	True	True	10.0	1000	True	97	20.5271	6
316	56d5e5b1-f4a7-4bee-aa0e-d32a22b76913	True	True	10.0	500	True	88	17.63774	1
317	61932e8f-a47f-4c8b-964b-9264456ca7d8	False	True	10.0	500	True	328	21.0879	20
318	59fdc14c-ab1c-42d6-a7c5-719cfedb872b	True	False	7.5	1000	True	192	15.4019	2186
319	d21c8716-9af5-4a9e-8f91-d918c8ccc91a	False	False	1.0	500	True	362	2.11032	253
320	3c74c866-3f24-4c0a-aa7a-251c0dc87773	True	True	5.0	1000	True	55	10.220790000000001	28
321	6c274b8c-06b7-4381-af41-f89830fbc2ac	False	True	5.0	1000	True	294	10.27178	3
322	ff6655b8-1905-4112-8710-52b6dc38f049	True	False	10.0	1000	True	212	20.4482	0
323	45cc3feb-b2ca-4c7f-a9e2-62225411f515	True	True	5.0	1000	True	52	10.26356	1
324	d983efbe-20ef-4465-b8bd-bb6d7ebef031	True	True	5.0	1000	True	54	10.27178	5
325	15cdb250-b319-4629-b2c9-53b9a84d3c2f	False	False	1.0	1000	True	376	2.05272	550
326	c28c1baa-703d-4d82-ab71-c74e3f426d77	False	False	5.0	1000	True	419	10.27178	2999
327	50f0c385-2f3f-4256-bd50-afb1816ae6c5	True	False	15.0	1000	True	231	26.2773	0
328	f2ec1bc1-735a-4617-8816-efe0576c0830	True	True	10.0	1000	True	94	20.436700000000002	11
329	8a67b8b5-9cef-4cbc-82f8-35580a182eb0	True	True	5.0	500	True	48	10.547329999999999	5
330	3ee85542-0671-4b48-a425-1f6249dcd437	False	True	15.0	500	True	349	28.1293	15
331	dca92fc6-7c33-4d6f-ae1c-e6aa279ded7f	True	False	2.5	500	True	147	5.2724	2992
332	8eda4d65-4bad-4fda-abfc-aaf19d66bb1a	True	True	15.0	1000	True	116	27.955	7
333	96d39cc1-af6d-4279-9302-c0f62b8def33	True	False	15.0	500	True	221	16.51668	0
334	d8565bc2-bcc8-48e0-8857-75fe718d8bb7	False	True	1.0	500	True	245	2.11032	0
335	658d5cb7-82e8-4227-bdee-99d9505da93c	False	True	7.5	1000	True	313	13.878820000000001	49
336	8058d01e-34c6-4733-bfe6-cfcaa4ed136c	False	True	7.5	1000	True	311	15.40191	3
337	9b2987a6-7608-4cb2-9d69-4f3b5ec792c2	True	True	1.0	500	True	2	2.11032	0
338	960e60e8-b644-4455-9ad1-73222ffeeabf	False	False	15.0	1000	True	476	29.1821	2237
339	bcd287e1-45ba-4d67-a86b-71c3ac93f71d	False	False	1.0	500	True	367	2.11032	249
340	9e8b4ea5-9e11-40dd-a90b-4aa69ec5c4a7	False	True	1.0	1000	True	251	2.05272	125
341	cbf85a64-40c3-4c88-8d34-c3a04a2386e1	False	False	7.5	500	True	426	15.83747	3523
342	20643aff-485a-4d3d-aae9-0cb8c8aff016	True	True	1.0	1000	True	18	2.05272	0
343	e8ab3b5e-9256-4644-bcb4-1c0ad8c156c5	True	False	1.0	500	True	128	2.11032	924
344	673aa6f3-81af-47cc-9f54-e9fdad49d0a2	False	True	2.5	500	True	266	5.27832	0
345	8fa66e0b-7285-45fc-9e7e-80f924af5fbe	False	True	10.0	1000	True	331	20.537	4
346	f10f607d-13ed-4efb-8c67-b5447132a053	True	False	15.0	1000	True	233	26.2757	0
347	363707c7-401c-4ded-8a27-7f2e2c4de331	True	False	1.0	500	True	120	2.11032	761
348	7bff8c07-579f-446a-9c0c-7d51565258c1	False	True	10.0	1000	True	334	20.5288	50
349	581e564b-af12-4afe-a302-48ce8993e7ec	False	False	10.0	1000	True	459	20.518900000000002	3489
350	a0f8d8a6-d0d5-4e4c-8b35-1ca3a6cf94b1	False	False	2.5	500	True	388	5.27832	1887
351	859304cc-103e-44af-a753-b489b04177a0	False	True	7.5	1000	True	318	15.38053	4
352	54f128de-b7ad-44bb-8b86-e3ef7b3f212b	False	False	2.5	1000	True	399	5.133419999999999	311
353	6a64f8a0-6171-472b-8b39-752fa5d65696	True	False	5.0	1000	True	172	10.27507	3270
354	639b0825-9aae-431f-a127-ec2a175265fd	False	False	10.0	500	True	442	20.156100000000002	2949
355	4cd697b7-5f35-4745-968a-3d6ba14033f2	True	False	15.0	1000	True	236	26.256	0
356	6f45388a-dab7-4867-9488-1c24b131695a	True	True	7.5	1000	True	73	15.406839999999999	6
357	e1767951-2ec2-4954-8ac9-b91ed1817ff7	False	False	1.0	500	True	368	2.11032	758
358	7c38460a-8cc0-496f-982f-568eee7b4b9d	True	True	7.5	500	True	63	15.03829	11
359	0ef103ef-33b0-44f4-91c7-7fa46ad98117	False	False	7.5	1000	True	435	15.38875	4248
360	5cd6e809-efa4-47e4-83c3-42ec5cb57964	True	False	10.0	1000	True	216	20.5435	0
361	ad74ecf5-9b26-4757-842a-3553f0699ab8	False	True	1.0	1000	True	259	2.05272	0
362	14f5149f-1f3a-4e3c-9518-1f859f27a783	False	True	2.5	1000	True	275	5.13836	310
363	db884c84-f2f0-4084-8354-31339973d35c	False	False	7.5	500	True	420	15.81888	3559
364	cd3a4cae-bbc4-4523-b5ef-11f1b226ed85	True	True	7.5	1000	True	79	15.38875	6
365	14fef1cb-309a-4411-b85a-4aa5065fa6b4	True	True	7.5	500	True	62	15.02308	9
366	252d61c8-96b3-48cc-b2d2-d675a0d65d9d	True	False	1.0	1000	True	133	2.05272	546
367	73d32dc8-6c28-4b8b-8eeb-021d6a402d34	False	False	5.0	1000	True	417	10.27178	3057
368	6a533fe9-de5d-4729-9059-bdbaf84584a9	False	True	10.0	1000	True	333	18.49904	11
369	8348775f-c0ba-4ab3-a8ee-cb23888ce172	False	True	2.5	500	True	268	5.27663	26
370	9d9eaf63-62f9-454e-b74b-26bc6bacd6b3	False	False	7.5	500	True	427	15.82817	3554
371	b816b23b-677e-498f-9e0d-525356897555	False	False	1.0	1000	True	377	2.05272	540
372	9ca40025-3607-49f3-972e-373cb0733070	False	True	15.0	1000	True	357	30.8005	11
373	a57d67db-87f6-4335-834b-dddba27616cf	True	True	5.0	500	True	41	10.52367	14
374	ff30e3ed-9f33-4eff-9d4f-f11491e67b21	False	True	5.0	500	True	288	9.504000000000001	58
375	95dbd936-4cbc-465a-bc9a-2701c7298692	False	True	5.0	1000	True	291	9.251999999999999	64
376	c84b6d5b-47b8-4e22-be6b-69eaaac7eac1	False	False	1.0	500	True	365	2.11032	572
377	eb7da4c3-76a5-4808-a481-2a86c5cc3896	False	False	10.0	1000	True	455	20.5337	3557
378	5ae06141-9077-4a39-8276-a2b905aa1bfa	True	True	2.5	1000	True	33	5.13836	0
379	ccf28ac4-1001-45a5-802d-feff56b020a6	False	False	1.0	1000	True	371	2.05272	124
380	88d083cd-3694-481a-9336-e3e0733c6952	False	True	1.0	500	True	243	2.11032	250
381	71d2fe6e-e0bc-456d-821c-757ead6fd3a8	True	True	15.0	500	True	107	17.69856	5
382	77bcaa0f-3679-4dd0-b56c-e67c43885bcb	True	True	15.0	1000	True	112	27.9518	13
383	2db06d0b-c759-4fdf-a834-74fdd79b26cc	False	False	10.0	500	True	446	20.2228	2906
384	f7f75815-1a3c-4c00-802b-c193f4f37791	True	True	1.0	1000	True	11	2.05272	124
385	5b3bc9f1-cfb3-46fb-84af-78101052b61a	True	False	15.0	1000	True	235	26.2987	0
386	fd9593b3-2496-4b49-ad96-f2c2865851fd	True	False	15.0	500	True	229	16.489649999999997	0
387	08b0e079-84c3-452c-96bb-4e37a1f51ff3	True	False	1.0	500	True	126	2.11032	758
388	81a01d03-3f16-4b8f-8a1e-a4514d77e5f0	True	False	7.5	500	True	182	14.80512	0
389	bfa6acc3-f403-4060-aae9-fc41f6040250	True	False	15.0	500	True	225	16.50232	0
390	19b0fc19-66b9-46d8-b835-ed6b8909751d	False	True	2.5	1000	True	271	5.13671	310
391	3d2572ab-ecd2-4b07-a9dc-864d69f14728	True	False	5.0	500	True	169	10.54479	1660
392	6aec42a4-06df-43ee-a34c-939458827735	True	False	2.5	1000	True	153	5.13836	1437
393	3d7a2cb1-b627-4f48-8c3e-a95b1786650e	False	True	15.0	500	True	345	27.2271	20
394	ab52aed0-09b7-4f50-abd4-ae262bf3bac2	True	False	1.0	500	True	123	2.11032	1037
395	5f7180dd-4705-4c82-9e0c-872715dca42b	True	True	7.5	1000	True	75	15.41836	5
396	47befa9f-dc42-4d75-9e37-3014cd4214da	False	False	15.0	1000	True	478	29.1508	2312
397	c528fa49-215d-4a6a-8f8d-24ef399e2285	False	False	5.0	1000	True	414	10.27014	2928
398	226c1132-5408-43f5-af0f-6ee02ecca2bb	False	True	7.5	1000	True	314	15.405190000000001	5
399	ceda4553-c181-42a0-b696-0a68715c4fa8	True	True	1.0	1000	True	10	2.05272	0
400	3d373c76-6c7c-4527-8b23-04a939750a6e	False	False	10.0	500	True	443	20.188200000000002	2949
401	c2ebdfe3-902a-4e1b-bcbd-108f8b622502	False	False	10.0	500	True	444	20.198300000000003	2903
402	a68ed379-468a-415f-9909-8ec2d5beeedb	True	True	10.0	1000	True	99	20.4745	5
403	ff06cbbe-c94d-40e4-a259-51965eff8b38	False	True	15.0	1000	True	352	30.782400000000003	11
404	74b00b56-35dc-47ba-9cdb-a02ece2f85ec	False	False	1.0	1000	True	373	2.05272	576
405	6f5641b8-58ef-4b1e-b525-b7e79ee07488	True	False	15.0	1000	True	239	26.2757	0
406	94c86406-05d0-4fa7-882f-ce93e68d04c6	True	False	5.0	1000	True	178	10.263549999999999	2724
407	7fc77811-7845-4fc6-b2ae-ab5ee96782fd	True	False	5.0	500	True	167	10.54395	1668
408	b82f8f4d-6488-49b1-9241-85d56934d452	False	True	7.5	500	True	307	15.82902	2
409	ffd745c9-742d-4d17-92a1-469bea8a22e5	True	True	5.0	500	True	42	10.54226	4
410	378f33b4-6512-42cb-8554-70207747f9ad	False	False	7.5	1000	True	439	15.38875	4609
411	d557ebbe-a374-4da1-9c9e-20563fef21cc	True	True	2.5	500	True	28	5.27832	11
412	ecb26b1d-149a-4c53-8a63-6183865ba4b9	True	True	1.0	1000	True	19	2.05272	0
413	88794241-8884-4f04-8857-9e8c3e0a27b5	False	True	1.0	500	True	247	2.11032	0
414	e8c1eba1-8d4e-40a5-b5c6-fb1abfc276c0	True	True	2.5	1000	True	38	5.13836	0
415	73573fd9-286b-4458-958f-47921932d231	True	True	10.0	1000	True	95	20.392200000000003	12
416	bc139e62-906c-41a7-8b7b-15ec52e97167	True	True	1.0	500	True	7	2.10947	245
417	84f00bb3-af02-4d4f-8af2-744946b91367	False	True	5.0	1000	True	295	9.250350000000001	34
418	fc0868b8-65e4-40d3-9299-12a61d66638d	True	True	1.0	1000	True	12	2.05272	0
419	69724fdd-843b-40fb-b66f-9b89b736bd87	True	True	1.0	1000	True	14	2.05272	37
420	cea8a84c-1302-4531-8f25-9f7819e4b8ba	False	True	1.0	500	True	248	2.11032	0
421	68e2f537-2130-4205-9255-5df1d4d2c50a	True	False	10.0	1000	True	215	20.5304	0
422	4fcbdc8f-7b78-48d3-b5ef-1775ac4852ec	False	True	2.5	1000	True	276	5.13836	0
423	714cd038-3bd5-4f82-ad02-11e1e1b1b8b3	False	False	1.0	1000	True	370	2.05272	565
424	cfc9ffc2-1844-48a8-a3bb-8d9dd911fa78	True	True	10.0	500	True	80	17.70109	7
425	d8a90d7f-bc62-4dfa-b4d1-3640d2441376	False	False	2.5	1000	True	397	5.13507	310
426	4bacdb4d-f991-4778-a3fa-b64ec7fc9394	True	False	7.5	1000	True	199	15.39533	2198
427	5631e3fb-b780-499f-afb7-0664589065bb	True	False	10.0	500	True	205	16.504849999999998	0
428	361448a7-a039-47b7-a2f1-603e9c55c3c2	True	True	1.0	1000	True	15	2.05272	0
429	48a381aa-2581-4590-babe-7bbc73302151	True	True	15.0	1000	True	118	28.011000000000003	4
430	8dec2fa4-d9c2-4338-8f6d-cc80f83b5b54	False	False	2.5	500	True	381	5.27663	1983
431	bfc05330-2ed9-45c7-bc32-b4b50900d6d1	True	False	1.0	1000	True	134	2.05272	565
432	dec60ae2-516d-4151-859c-1f747ed0703c	False	True	1.0	500	True	240	2.11032	0
433	8635376c-da47-4810-bc82-ede7f8649526	False	True	15.0	1000	True	359	27.752699999999997	17
434	0645eda8-b01f-4eb7-9fa2-69071777e012	True	True	7.5	1000	True	70	15.35586	11
435	ab18be41-82ad-4f91-9e97-4ba7004d87f6	True	False	10.0	500	True	204	16.46177	0
436	8b277e4d-c83e-4543-b433-963aecf8d99f	False	True	10.0	1000	True	337	20.5238	1
437	5c64637e-8c40-4d26-b1fc-0bb831872598	True	False	10.0	1000	True	217	20.484299999999998	0
438	91fff53b-398b-4279-b081-8ff2fa830a59	True	False	15.0	500	True	224	16.493029999999997	0
439	adba77a3-b835-4a99-9318-c9b1b3a4a5d6	True	False	15.0	500	True	228	16.50401	0
440	ff041d7d-7bd2-4fb3-bce6-6a177ec33c5f	True	True	7.5	1000	True	74	15.40191	0
441	8ef1a113-a965-41cb-a87e-424dcf51b9ff	True	True	15.0	1000	True	114	27.9682	5
442	d01a26e8-8cb2-4ad7-8f74-e2cb786d02bd	False	True	2.5	500	True	265	5.27494	62
443	5c6506c3-4c6c-4cf2-b7f4-e71e23de6cb3	False	False	15.0	500	True	461	23.8774	3600
444	408332d5-d08a-4361-8e2c-ee0a47176fa3	True	False	10.0	500	True	203	16.49303	0
445	f8bd93de-d18b-4439-ba7d-9ff36d5fe303	False	True	2.5	1000	True	278	5.13671	310
446	c861ab65-cdf3-4497-a6aa-7756ea7155ff	False	False	1.0	500	True	361	2.11032	249
447	071d6bad-807a-4dcf-99ef-1fa623604a61	True	True	1.0	500	True	4	2.11032	0
448	ab3c7e8f-db5b-4339-bfa4-a23da620cb55	False	False	2.5	1000	True	390	5.13836	312
449	533d64ef-a527-4e41-b04d-5d4b4826dcf7	True	False	10.0	1000	True	218	20.518900000000002	0
450	e49029ca-2439-4608-8737-3b2805107a7a	True	False	7.5	500	True	185	14.808499999999999	0
451	9be5de8c-1c2a-4d56-9760-f36da0dadbda	False	True	5.0	1000	True	293	10.26356	17
452	c8b4b8d3-98ba-46a0-9ae1-32918f49615f	False	False	7.5	1000	True	432	15.395320000000002	4325
453	9e54367c-b92f-4397-8737-47378b53d250	True	False	1.0	1000	True	136	2.05272	530
454	d5fd1369-6708-4dc6-acc4-8538b48ac30e	True	True	10.0	1000	True	90	20.476100000000002	11
455	effa43f0-4a6a-43df-bf11-b1c66f63933b	True	False	15.0	500	True	227	16.48374	0
456	c4a20da1-dde6-4bbd-88a1-5538db775c36	False	False	5.0	500	True	405	10.55663	5465
457	b8d992f5-8a6b-4e22-a2a4-69997e42dc09	True	False	2.5	1000	True	150	5.13836	1397
458	9ba9b727-0701-48a2-826f-331319df444c	False	True	1.0	1000	True	250	2.05272	0
459	05b3ba8b-2a6e-412e-8c92-303d19a86c74	False	False	15.0	1000	True	479	29.265900000000002	2203
460	d3fe5957-de7e-4064-b219-03451f3d4eb1	False	False	1.0	500	True	364	2.11032	756
461	dbcdcad5-2461-4046-b16e-f83b419a5646	False	False	15.0	500	True	463	24.0363	3431
462	b8855eab-1f84-4a0c-9713-4c8043495073	True	True	2.5	500	True	20	5.27325	47
463	d4742ffe-d5ff-4da5-87b2-e0d9709ef1ab	True	True	2.5	1000	True	37	5.13836	0
464	66792dab-6ed2-4c79-9092-c1d8c1012061	True	False	10.0	500	True	202	16.51415	0
465	1d472183-68b1-496a-ae09-3be352069ca7	False	True	2.5	500	True	262	5.27832	0
466	8774bfc6-7e9a-445d-918e-171f635aaab9	False	True	5.0	500	True	283	10.54817	5
467	967b9826-4204-487e-b76f-bd3fac3a866a	True	False	2.5	1000	True	154	5.13836	1554
468	bb902a02-f506-41fd-9de5-bed016948175	True	False	2.5	500	True	141	5.27578	2519
469	679c7a61-0f2c-4153-be0c-8306c1e13193	True	True	10.0	500	True	86	17.70785	8
470	d345c163-f3bf-4482-8786-4e8bc362a3a4	True	False	15.0	1000	True	238	26.2806	0
471	67f28461-6878-45de-9584-a01cac0f242e	True	True	5.0	500	True	46	10.5524	2
472	c5a68e5f-3635-4937-8608-5d0a80f7bc88	True	False	5.0	1000	True	177	10.27014	2836
473	4a4a1208-67c7-4552-b5cb-4669593ba923	True	True	15.0	500	True	104	17.71377	3
474	801b76c2-edfb-4628-b870-20156d09d864	False	False	15.0	500	True	466	24.0058	3585
475	09f5563d-1c31-4356-a7d7-239b4af81334	True	False	7.5	500	True	181	14.815249999999999	0
476	388fc090-d823-404d-a016-939c8b05449f	False	True	15.0	500	True	343	27.2634	29
477	76767cad-4f49-4ccf-a918-9311c6963490	True	False	7.5	500	True	183	14.80512	0
478	ac3ca579-21ba-4331-827f-216446dd97cb	False	False	10.0	500	True	441	20.176299999999998	2918
479	51b011e3-1fa6-4839-ba02-6b518ec24d1d	False	False	15.0	500	True	467	23.9019	3499
