	id	rtscts	datarate	packetsize	maxrange	nstations	verbose	rng	thr	rtr
0	1205da72-cd76-407a-9e66-9cb6d6e7f845	True	2.5	1000	25.0	2	True	1	5.13836	3
1	47dc4ad6-9342-46db-bc76-c9b560a7f49c	True	2.5	1000	125.0	2	True	61	5.13506	0
2	e1ee370f-e12d-4d89-b756-038b8bbafedf	False	5.0	1000	25.0	2	True	450	10.26849	6770
3	20527e1a-765f-44b0-8fd9-85b11491791a	False	5.0	1000	50.0	4	True	501	8.97567	5241
4	e5847cd2-eb1c-452f-bb27-01f2a6ed4a49	False	2.5	1000	25.0	3	True	374	7.70425	6179
5	0b0c627e-3979-4def-bd38-50fe76c12b7f	False	10.0	1000	50.0	4	True	598	9.61879	5591
6	626d9e5c-ba2d-454f-8247-82ece5b67ef9	False	5.0	1000	125.0	4	True	530	9.87045	5591
7	06639216-9dba-40b3-81af-204b0958cbc7	False	20.0	1000	125.0	3	True	707	23.49597	8123
8	8021d8df-e626-4704-b3b2-14fd85b70b84	False	5.0	1000	50.0	2	True	487	10.27014	7121
9	29d00a40-c703-4101-8212-b70a4e078b37	True	20.0	1000	50.0	2	True	305	25.654	0
10	89f03328-9281-4f82-8bed-1ff9b67496f2	True	5.0	1000	125.0	4	True	171	20.061629999999997	0
11	95ce9666-17a7-4e1d-9bca-17253a380f6c	True	5.0	1000	125.0	3	True	161	15.378880000000002	0
12	b858f498-3f40-4e01-a807-c7f6314f01e0	True	5.0	1000	25.0	2	True	98	10.27507	0
13	2b1350da-de2b-4d33-acc2-8a58897a7d91	False	5.0	1000	25.0	4	True	470	8.36875	5079
14	d6222ffe-3e6b-4bb8-88c5-f452fbf0a543	False	20.0	1000	25.0	2	True	631	17.65199	3279
15	9acf9763-3c0f-43e1-b442-2c1a5bae6380	True	20.0	1000	50.0	4	True	321	25.73125	0
16	34b4f2d3-b82a-437b-a084-4a1f178d52d3	False	2.5	1000	25.0	2	True	360	5.1317699999999995	3334
17	3b85e1cc-a573-4609-bb1e-80037c4614cd	True	5.0	1000	50.0	4	True	146	20.333019999999998	0
18	342c1062-5568-4795-889e-823092e2924b	True	10.0	1000	125.0	4	True	264	22.472900000000003	0
19	1eae20d2-60cd-4d57-ac6d-e3e4af787ac3	False	2.5	1000	50.0	2	True	392	5.13836	3679
20	82f4c48f-a75f-4d54-a115-24846ddb160b	True	10.0	1000	50.0	2	True	218	20.4169	0
21	43fce7d0-0c16-4c71-985f-f933bbcc7805	True	10.0	1000	50.0	4	True	235	22.41698	0
22	111b0ada-971d-481a-9798-a9cb9103b114	False	20.0	1000	125.0	2	True	698	34.4618	5104
23	09ff0c54-d318-4789-aa06-7dd0bfe15ba1	True	2.5	1000	25.0	4	True	21	10.263549999999999	0
24	87f7ffd8-3000-4122-ad42-9670100f9652	True	20.0	1000	125.0	3	True	345	25.77402	0
25	450cae42-8241-4c24-ab78-55066b1f6d56	False	5.0	1000	50.0	3	True	498	15.378889999999998	8827
26	28440a9a-2d62-492a-97e9-e59e52df7558	True	2.5	1000	50.0	3	True	40	7.700949999999999	0
27	56f66266-2d30-497a-a214-fe56cd37dd9b	True	2.5	1000	25.0	2	True	5	5.13836	0
28	6a826b7a-381d-495b-bf44-d12d851c1f40	False	2.5	1000	25.0	4	True	380	7.54799	5408
29	ddc469b1-d905-47af-bc51-94cd5cb99d2c	False	2.5	1000	50.0	3	True	404	7.70589	5542
30	29299b33-1fcf-446c-a70f-e5ed68e5bd06	True	20.0	1000	125.0	2	True	334	25.7098	0
31	740f769a-6bf0-4a54-94b7-960518fe5474	True	5.0	1000	25.0	4	True	111	20.142220000000002	0
32	5bdfcec4-6bf0-4f4e-a0b1-e5660a973ee6	True	5.0	1000	25.0	4	True	117	20.34617	0
33	36a48ee6-f706-49d8-8d9d-acd7afcb492e	False	20.0	1000	50.0	4	True	680	6.89007	4260
34	0c245746-e8d1-4d33-8adb-2535d065a483	True	20.0	1000	25.0	2	True	274	25.6375	0
35	a7a7bae4-fc56-4a03-a5f1-ecad79445e1a	False	5.0	1000	50.0	3	True	493	15.403559999999999	7721
36	75578569-a11e-4396-96b3-1a31e07087d0	False	10.0	1000	125.0	2	True	607	20.546799999999998	6775
37	8e7922b0-3d82-411f-9285-a71a4b98cc7a	False	5.0	1000	25.0	3	True	462	15.395330000000001	8648
38	a01f6c17-7978-4170-a32b-e052f3583944	False	5.0	1000	125.0	4	True	533	9.052990000000001	5092
39	9c705fbc-2424-4c2f-b741-c336cdecce1c	False	20.0	1000	50.0	3	True	671	24.23941	8333
40	444f02e7-2e9c-427e-b782-2fc493c0857f	True	5.0	1000	125.0	2	True	152	10.27013	0
41	d3fb60bb-156a-4149-bd3e-44cebd0d8276	True	20.0	1000	125.0	4	True	355	25.769080000000002	0
42	cd50e144-6ab1-4dbf-934c-e86125ac0b26	False	20.0	1000	25.0	3	True	643	24.16704	8404
43	cc2b53f3-3f18-4f0a-95b7-b16c4174d00e	True	5.0	1000	25.0	3	True	107	15.38382	0
44	7601dd5c-c43c-4740-b409-dd60b3b91c63	False	5.0	1000	50.0	4	True	503	7.620360000000001	4618
45	fdd43044-7d9c-4731-941a-5cb46a8389b9	True	5.0	1000	50.0	4	True	144	20.18169	0
46	f36fe163-d463-4b25-aad3-c09dde408b92	False	10.0	1000	50.0	2	True	576	20.537	6929
47	0c03fde9-9324-4c50-8fed-50d5ba9e0bf5	False	5.0	1000	25.0	3	True	469	15.06144	8415
48	3b79acfa-4f75-46ab-adec-19dc551bdf3e	False	10.0	1000	25.0	4	True	566	9.55135	5303
49	535466bc-148b-4038-8892-8a404d1c45f6	True	20.0	1000	25.0	3	True	281	25.813489999999994	0
50	fa9c18a8-37d3-4b76-8598-4c143b754dd3	False	2.5	1000	50.0	4	True	411	7.6417399999999995	4459
51	1e75c1a4-7de2-4eb9-8abb-fb9f1018fc55	True	10.0	1000	50.0	3	True	220	22.35283	0
52	6ccbb300-4836-4765-b501-dd950a916cf8	False	10.0	1000	25.0	3	True	552	19.485950000000003	6601
53	76c2c0b5-a82d-43b5-99e8-9233a9909fda	False	2.5	1000	125.0	4	True	446	7.49535	4761
54	3cc8926a-5369-4dee-91e6-cc32f0891658	True	2.5	1000	125.0	2	True	64	5.13506	0
55	79413b54-2744-4839-aebf-6acdeb28a9d4	False	20.0	1000	50.0	3	True	678	25.461509999999997	8854
56	13e7bee3-3ef1-4521-9fa4-9a3f61519ca5	False	10.0	1000	125.0	2	True	609	20.5354	7004
57	d089679a-56b0-47f1-8b28-4ceb4424fa7a	True	5.0	1000	25.0	4	True	112	20.138930000000002	0
58	cc6244ae-db43-4169-b7fd-d03f0c486309	False	10.0	1000	50.0	4	True	597	9.54149	5314
59	b08872c8-a1b1-4d5f-8ac8-12cb2d2a2d62	True	10.0	1000	25.0	2	True	183	20.458	0
60	7a9b34da-ec5d-4998-9df0-9c7c30333bec	True	5.0	1000	125.0	4	True	177	20.245849999999997	0
61	07c3d610-23e7-4964-ba36-e2678a84300e	True	10.0	1000	125.0	2	True	240	20.3922	0
62	10190227-ce4d-4352-a876-7b680e1eb067	True	20.0	1000	125.0	4	True	357	25.72303	0
63	68e32b48-23ef-4cc6-ad6a-88fa191ed968	True	10.0	1000	125.0	2	True	242	20.3922	0
64	754596bb-3277-4691-a095-0df54115ae29	False	20.0	1000	125.0	4	True	710	7.962470000000001	4509
65	556940ff-4bbb-4822-acac-b5c1722e696a	True	10.0	1000	125.0	2	True	247	20.4531	0
66	8f350bd6-8a25-40fe-ada0-504747a44a9f	True	5.0	1000	125.0	3	True	162	15.392040000000001	0
67	593f19ce-bd0a-4016-885a-e3e6009a75ca	False	10.0	1000	125.0	4	True	625	10.53166	6112
68	90ca4f59-1fe7-44f1-a465-85c60465f2b1	True	5.0	1000	25.0	4	True	110	20.24913	0
69	7b5b1d2b-6ad8-4f61-ab2e-e6c5362ee984	True	10.0	1000	50.0	4	True	238	22.36106	0
70	3badadf9-ccc6-42d7-a774-4dbb79bb405f	False	5.0	1000	125.0	3	True	527	15.39369	8626
71	ba752e8f-f08f-4e89-acb2-0169a9b4b30f	False	20.0	1000	25.0	3	True	642	24.28547	8006
72	0a8c7d35-402d-411e-be1e-caa4bd5e9d09	True	10.0	1000	50.0	4	True	233	22.482770000000002	0
73	665e3bcb-4999-4a4a-ac15-2c021c23d267	False	10.0	1000	125.0	4	True	629	9.58425	5561
74	cdc720de-aec8-401c-abca-f223d9ea80cf	False	2.5	1000	25.0	2	True	363	5.1317699999999995	3014
75	8639890d-fba8-4068-8a56-88e15963a185	True	10.0	1000	25.0	2	True	180	20.4185	0
76	50a24f44-16af-4eb0-a143-9ee6f68e36e4	False	20.0	1000	50.0	3	True	672	22.99924	8165
77	4a5a70c1-a641-4735-be2c-5a4cee40e759	True	5.0	1000	25.0	4	True	118	20.061619999999998	0
78	5355130a-d7a0-4f54-aeee-7d39d63626c7	False	20.0	1000	25.0	4	True	651	7.67628	4808
79	f55f9ccc-8ce4-4fcd-83ce-2a654bfe402c	False	10.0	1000	25.0	2	True	540	20.538600000000002	6933
80	c60af8de-983d-43ca-8c46-f144832d3a48	True	10.0	1000	50.0	3	True	221	22.32815	0
81	132c0764-5a64-4dad-abcf-73855f9c62ce	False	20.0	1000	25.0	2	True	637	34.955299999999994	4903
82	7923b7c9-4b05-48a1-bc9c-88431469c335	False	5.0	1000	125.0	4	True	538	8.32105	5017
83	2d77b884-2c46-49ed-a402-e304df58a6e9	False	20.0	1000	125.0	3	True	704	24.856219999999997	8387
84	1d0063bf-2c77-4d65-b207-81394574738e	False	20.0	1000	25.0	4	True	650	8.00524	4592
85	5510b771-4f45-4e0a-9cf1-1eb55c9f31f2	True	2.5	1000	125.0	3	True	72	7.70096	0
86	7c938712-5038-4feb-8237-e9fa516f36b4	False	5.0	1000	25.0	2	True	457	10.26685	6644
87	57b4c186-f459-4ef6-b630-dc4c0d2e9694	False	10.0	1000	50.0	4	True	592	9.789860000000001	5676
88	7fee3045-e93a-4085-a045-f0c5acb0aad4	True	5.0	1000	125.0	4	True	174	20.22282	0
89	e4a81fbc-a1d1-4eed-a065-5dff0f7e6523	False	2.5	1000	25.0	3	True	377	7.692729999999999	5810
90	7a1a50fb-128f-4f51-8e8c-73f3b4008edd	True	20.0	1000	50.0	3	True	313	25.83488	0
91	724de534-2a62-41e3-86ae-4b40435580dd	True	10.0	1000	25.0	4	True	209	22.45316	11
92	e63fb612-a08f-429f-9614-925ecfbd1ef5	True	20.0	1000	50.0	4	True	328	25.77237	0
93	aabda12b-87cf-4541-b0d8-9e08c69576ba	False	20.0	1000	50.0	4	True	685	8.48058	4967
94	69ea347f-6b06-4123-94c7-946daa115d9b	True	2.5	1000	25.0	3	True	17	7.7026	30
95	28231cd7-6568-4d77-8292-83632c7bfba2	True	10.0	1000	125.0	4	True	268	22.44494	0
96	9718612e-cabe-4576-95ac-0d5f42dadbca	False	2.5	1000	125.0	2	True	425	5.13342	2648
97	0618966a-eae0-44c7-bd55-3360a7d7cb5f	False	5.0	1000	25.0	2	True	454	10.201049999999999	5173
98	fb0d7375-94d6-46bc-8cc3-9d72a0bd0a0e	False	5.0	1000	125.0	4	True	539	9.73063	5644
99	08f72a0b-36c9-4433-9f22-2453499aab55	False	2.5	1000	50.0	4	True	418	8.722380000000001	5376
100	e8323441-589d-4c17-b34d-ee228d549433	True	2.5	1000	25.0	2	True	8	5.13836	0
101	bf3f0157-ec53-4973-9ca9-c351a0b20436	False	10.0	1000	50.0	3	True	580	20.44157	7055
102	9670796f-99d5-4ee6-88ac-080409573e89	False	5.0	1000	25.0	2	True	452	10.26849	6924
103	96e9778a-1d2c-4ec0-8fb6-ad6ab7cd15b7	False	20.0	1000	50.0	4	True	684	7.673	4734
104	538f6ad1-525f-4481-9320-b4bdc298cf90	False	20.0	1000	125.0	3	True	706	24.36114	8431
105	31af73cd-cd61-4056-81fa-182350191b80	True	2.5	1000	50.0	2	True	38	5.13507	0
106	fe022fbe-a800-4d81-9472-33d21fdc5c1e	True	2.5	1000	50.0	4	True	58	10.26849	0
107	c67f3b72-ef9d-49ff-a5b4-bdc09e873abd	False	20.0	1000	25.0	2	True	630	31.471600000000002	4900
108	03c5c3e7-2b37-42ea-aea3-383667f85c2b	True	10.0	1000	50.0	3	True	229	22.366	0
109	78b584e5-b1cb-4730-9c29-b8c7e11ff077	False	10.0	1000	50.0	2	True	571	20.522199999999998	6783
110	2ea52f47-74a7-4423-bdf3-ebb979341c9f	True	5.0	1000	50.0	4	True	142	20.23597	0
111	a96a8cd0-46f4-4637-9d83-9ab077e20433	True	5.0	1000	50.0	3	True	133	15.388760000000001	0
112	6099f8f1-500e-46cd-8d90-44a4a4588bff	True	2.5	1000	50.0	2	True	36	5.13671	0
113	cb9ac332-8c5d-4db0-a353-f1814798ebf4	False	10.0	1000	125.0	4	True	627	8.705929999999999	4920
114	a1d80f3d-31ff-42e0-b69d-8cfa973db830	False	5.0	1000	50.0	2	True	488	10.26191	6838
115	121d0a5b-ce54-4c5a-9405-898012925a0e	True	10.0	1000	125.0	3	True	254	22.3002	0
116	8a78ba64-3130-4f0d-b84e-493c96cff566	True	5.0	1000	50.0	3	True	131	15.39533	0
117	321b228f-048d-477b-84d5-1538268483d7	True	20.0	1000	50.0	2	True	300	25.663800000000002	0
118	06f5c7f5-f921-4682-bf96-c372e52515ee	True	2.5	1000	50.0	3	True	44	7.70425	0
119	078d0dd1-f40f-4578-bd8b-c919ffdd0f67	False	20.0	1000	25.0	2	True	635	34.6773	5067
120	fbbfda9e-cade-4b22-85f9-d386128590c9	False	10.0	1000	25.0	3	True	550	21.665309999999998	7402
121	047cf1b6-784e-4985-bed2-cb2e5bec5a89	True	2.5	1000	125.0	3	True	73	7.69601	0
122	c5aa2ac4-3ea7-4933-bc55-be3867851ec3	True	2.5	1000	125.0	4	True	81	10.27178	0
123	72ec9b4d-e623-4b13-9767-4537885ea17a	False	10.0	1000	25.0	2	True	542	20.5435	6986
124	3993d4a2-7d4c-4fe7-84ae-b7169554019b	False	20.0	1000	25.0	4	True	652	8.91975	5108
125	79128d72-9ff4-476c-830f-3380200d7914	False	5.0	1000	50.0	4	True	504	6.83579	4154
126	94765887-0bb5-4969-8c96-36d2ed3d84f5	True	10.0	1000	50.0	2	True	212	20.4366	0
127	ab1eca2d-bc70-49ce-84f6-cb5b746f88b1	True	10.0	1000	50.0	4	True	237	22.46304	0
128	c50d1d3f-88bf-4afe-a6e3-e49f8c16a2fd	False	20.0	1000	25.0	4	True	654	9.11712	5436
129	5dc4d92e-7502-4b96-bd3a-6a9073010a77	True	5.0	1000	50.0	3	True	130	15.40191	0
130	d372b093-f853-4d7b-bf3c-6cec6fd76121	False	10.0	1000	125.0	3	True	616	22.77225	7764
131	0a255a2e-ad00-444c-a730-9804f7a794b8	True	10.0	1000	25.0	3	True	191	22.35118	0
132	d11b3672-ec84-4293-8986-6160d23217a4	True	5.0	1000	50.0	2	True	124	10.27014	0
133	97bb9242-5173-4436-b9bb-80c1886b77cb	False	2.5	1000	125.0	2	True	422	5.13836	3300
134	5de0d117-5a23-4807-92a0-00573c713ed7	True	2.5	1000	125.0	3	True	77	7.692729999999999	0
135	bd73d0d5-01a7-4138-af70-203144120456	False	2.5	1000	50.0	4	True	410	8.53158	4958
136	051656e7-cb7e-4bad-9091-4377e381eff1	False	10.0	1000	25.0	4	True	565	10.5152	5571
137	2ea96254-c8d2-4018-89af-a3b34df6e687	False	10.0	1000	50.0	2	True	575	20.5205	6381
138	e6dcfdc7-20c7-46f1-9c59-0dc8b4b9db60	True	5.0	1000	50.0	2	True	126	10.27014	0
139	31b2c857-f117-4c5a-9a6a-54a30cbcd50a	True	20.0	1000	25.0	3	True	288	25.619410000000002	21
140	8fa409bf-43eb-49b8-80f2-3a697ac17d8d	False	2.5	1000	50.0	3	True	403	7.6993100000000005	6189
141	262eb183-5e66-4ab4-85f1-adc969f89524	True	10.0	1000	25.0	2	True	182	20.4646	0
142	ace08d93-6d4c-4e9c-ae95-0f17ab66b27e	False	20.0	1000	50.0	4	True	687	9.076	5241
143	22c8e845-26dc-44fc-9f25-9624aa1ac0f6	True	2.5	1000	25.0	3	True	16	7.6993100000000005	0
144	a027b860-a1bc-40a5-bbbc-91c7c5d91beb	True	2.5	1000	25.0	3	True	10	7.699299999999999	8
145	71cddce8-c292-4b45-ab2b-481f0683fcca	False	2.5	1000	50.0	2	True	390	5.13671	3440
146	74e7755f-e945-4ddb-8628-64e76d131ff0	False	20.0	1000	125.0	3	True	708	26.33983	8775
147	a30d0bb2-1e35-406d-bb31-9cc907972655	True	10.0	1000	25.0	4	True	202	22.0913	60
148	3466fed6-837a-4c68-977f-913ad05c69ed	True	2.5	1000	25.0	3	True	11	7.70754	0
149	7e5f4f1f-4677-49e8-9a58-43de8db6891d	True	20.0	1000	25.0	2	True	273	25.6277	8
150	8bfa51ff-ae8f-445f-943c-d4f787d3cd5a	False	10.0	1000	25.0	3	True	559	20.86429	7288
151	3d1e81af-36bd-483e-9b6b-73a77bc6887f	False	10.0	1000	125.0	4	True	628	9.401679999999999	5561
152	ec0b29d5-b8c7-449f-98a7-1ff45603425c	True	2.5	1000	25.0	2	True	9	5.13342	0
153	b54724d2-ed8b-4d4e-ab64-42a396b330be	False	20.0	1000	50.0	3	True	675	25.0355	8593
154	9f3af226-9f01-467e-b938-09bf1ad1dceb	False	10.0	1000	50.0	3	True	584	18.57802	6572
155	dedbcd85-9ab4-482f-9b34-3bec35a33748	True	5.0	1000	125.0	2	True	156	10.26191	0
156	01ff6111-a7ca-4b5b-b82d-6428723a74a5	True	2.5	1000	125.0	2	True	62	5.13671	0
157	9f883618-349a-4258-8e99-fda717200538	True	2.5	1000	50.0	4	True	52	10.26849	0
158	3518ba84-8b7b-4c30-9513-ad28831335ad	True	20.0	1000	50.0	2	True	304	25.6342	0
159	4902e181-a0c1-40c4-ba54-3134ce98c7f8	False	20.0	1000	25.0	4	True	658	9.495429999999999	5414
160	d9f98b3c-9dee-4b42-9a3f-2e197dffdc16	False	20.0	1000	50.0	4	True	683	8.179599999999999	4825
161	b430db1c-2e19-4ff9-b724-fd574f59af56	True	2.5	1000	25.0	3	True	15	7.6993100000000005	0
162	42492826-dcf8-444e-850b-1298229511ff	True	20.0	1000	50.0	3	True	319	25.85626	0
163	3c9bccf8-0c3d-434f-b7fa-854647ddd393	True	10.0	1000	125.0	2	True	245	20.392200000000003	0
164	6a0d48a5-e45c-4643-b070-059bc45fa4b8	False	5.0	1000	125.0	3	True	525	15.373949999999999	8682
165	07c850c3-eafa-4d0a-8bfd-e0aa0a2b4a5e	False	2.5	1000	50.0	4	True	415	9.05462	5320
166	ea2016a3-28a2-45b4-80b0-f38d39131543	False	10.0	1000	50.0	3	True	581	21.82486	7689
167	c8425acf-2d4b-4576-97ae-f6bcbf059c1c	True	20.0	1000	25.0	4	True	295	25.759210000000003	53
168	68edcf78-19e2-4ba4-a5b8-57e40434483b	False	2.5	1000	125.0	3	True	432	7.700949999999999	6196
169	0dc3fd67-8b40-4ee4-a1a4-3621c869ac5e	True	10.0	1000	25.0	4	True	203	21.97782	124
170	a62b137c-ab78-4106-92a5-421e75d9f08e	True	10.0	1000	125.0	2	True	241	20.413600000000002	0
171	9cb59c24-b926-4772-9260-3c3ec0ec68e9	False	20.0	1000	25.0	4	True	657	8.46414	4862
172	6da0f2aa-d62d-4588-91f3-ffe7f96c84f6	True	2.5	1000	125.0	3	True	71	7.70096	0
173	ed7a3cf1-90d2-4d50-8471-5b949147563f	False	10.0	1000	125.0	3	True	613	21.18338	7099
174	6ed75099-16e2-40b9-8736-2a4ebd24940b	False	2.5	1000	125.0	4	True	449	8.10393	4716
175	0bfb6974-db07-4957-ab2f-3617c433f4c1	False	5.0	1000	125.0	4	True	537	10.878709999999998	5994
176	5eeb140f-33c1-4288-8bb1-3d8bd2344908	True	10.0	1000	25.0	4	True	206	21.34621	171
177	4ccc65ee-7ebd-403b-bf60-d3d2ce64ddfc	True	5.0	1000	125.0	3	True	163	15.398620000000001	0
178	88a6158a-2016-4ff5-bcd6-3c1ada1aa19c	False	10.0	1000	125.0	2	True	605	20.5304	7167
179	a3cef016-eb7b-40fb-b1a8-eb977df38b6e	True	2.5	1000	125.0	3	True	78	7.696019999999999	0
180	f3557c15-efc2-401c-917e-7856f94eb622	True	20.0	1000	25.0	4	True	299	25.481240000000003	98
181	ff114507-d3d7-43f8-9c2e-79666e8e1cee	True	5.0	1000	50.0	3	True	137	15.38382	0
182	d7282fb7-49f7-4128-9250-cea16a21a71c	False	2.5	1000	25.0	3	True	379	6.564400000000001	4428
183	cdc72d48-7ecf-4bd7-8cc6-be6308253a0c	True	20.0	1000	125.0	2	True	331	25.5964	0
184	723af152-0dee-4697-8c27-dd7d27147398	False	5.0	1000	25.0	4	True	478	8.40822	5108
185	d3fa7a56-2db2-4a35-a7b2-498b4807566f	True	2.5	1000	125.0	4	True	80	10.270129999999998	0
186	667b9d0f-e88b-4a49-9756-08965d6331ae	False	20.0	1000	50.0	3	True	679	26.510930000000002	8404
187	3d84dc49-676b-4c49-b13e-856d6689dac5	False	5.0	1000	50.0	3	True	495	15.39368	7265
188	01423090-8474-494c-b0fe-66af441c8b12	False	5.0	1000	25.0	3	True	463	15.39698	7295
189	86d99721-937d-45c2-8f75-d143bb98ef81	True	20.0	1000	50.0	4	True	324	25.7296	0
190	541c74fa-88d0-4ee8-b3f0-ab18987eccb3	False	20.0	1000	125.0	3	True	702	25.142409999999998	8586
191	ebc8d433-a414-4cd5-9bd4-21ad43ac9bf9	False	5.0	1000	125.0	3	True	523	15.39369	8606
192	85449713-7a66-4ffa-b2f0-78b4e02126db	True	5.0	1000	25.0	2	True	99	10.26849	0
193	af0e20ae-e8ae-4537-bb12-4e46e6350d4b	True	20.0	1000	125.0	4	True	356	25.7773	0
194	477d85ae-0d4d-40b9-835f-fa67e7367b7a	False	10.0	1000	125.0	3	True	614	24.04862	8343
195	1d5a605f-d525-4504-8234-d392b931a494	True	10.0	1000	25.0	3	True	197	22.26401	0
196	1da242af-702d-4b0f-b36a-3d92553a366b	True	10.0	1000	125.0	4	True	269	22.433429999999998	0
197	34681099-ce86-43a9-87d8-68aa01c61175	False	10.0	1000	125.0	2	True	603	20.522199999999998	7020
198	b1c5e0e8-84bf-49bd-9061-5a1b11d64c8f	False	10.0	1000	50.0	4	True	599	9.87044	5406
199	abb2b6ab-afe8-4294-9d08-3e93a6a2610c	False	5.0	1000	50.0	2	True	484	10.26356	6441
200	8c66df44-3c7b-4810-bf2f-38bfab7e9d65	False	5.0	1000	50.0	4	True	507	8.65001	5011
201	7a65d1b5-c331-463b-9a62-24d023428356	False	2.5	1000	125.0	3	True	439	7.700950000000001	5581
202	e4cb9900-e0a3-413f-918c-6663c9e6c632	False	5.0	1000	25.0	4	True	479	8.927980000000002	5141
203	4a3a49fb-ab6a-4c75-8627-cff18516516a	False	5.0	1000	25.0	2	True	456	10.2652	6075
204	7a69def0-2b9f-4d00-9c61-525eb127415f	False	5.0	1000	125.0	4	True	536	9.801369999999999	5544
205	a46ba508-8282-486c-b318-8204481b4b09	False	20.0	1000	50.0	3	True	673	23.03707	8281
206	8072ad73-3dba-4e70-9447-9417b33dcdd9	False	2.5	1000	50.0	4	True	412	7.788120000000001	4794
207	0723046a-5b4a-456b-ab67-7465f20f6ab1	True	20.0	1000	25.0	4	True	292	25.63749	66
208	c56f31c5-4a3b-4ac4-98a1-bf78ada48c9f	True	5.0	1000	125.0	2	True	155	10.26356	0
209	1b100527-e901-451a-969d-a168bf476c0b	False	2.5	1000	25.0	4	True	388	9.85235	5559
210	51449598-c3ec-4b54-9267-952e82dcf25a	True	2.5	1000	25.0	3	True	14	7.6910799999999995	30
211	7f7efb3e-6312-454c-88a7-a5adee98f39b	True	5.0	1000	125.0	4	True	175	20.16361	0
212	f9bfa7fa-0224-43da-9756-a442b32a8024	False	20.0	1000	125.0	4	True	711	8.34078	4733
213	1b32c7e3-9387-46d4-885a-c9351f6f5a78	False	20.0	1000	125.0	4	True	714	8.84903	5077
214	d869b590-243d-4320-ba35-343c98d924fa	True	10.0	1000	25.0	3	True	195	22.43344	0
215	a5edd31d-aee8-4b1e-85da-0a84f643c6d4	False	20.0	1000	25.0	2	True	636	34.496399999999994	5215
216	0b78daf0-2eb2-4044-8fd0-fb0ab9650b6d	True	5.0	1000	25.0	3	True	101	15.392049999999998	0
217	9a9c0224-8406-4088-bf3d-1b213aea7d7d	True	10.0	1000	50.0	3	True	223	22.30677	0
218	c6103924-18da-4a52-9c40-25d9e79c92e6	False	20.0	1000	125.0	2	True	692	34.8845	5098
219	9efe79ed-5200-4126-866b-6eceabc03a93	True	20.0	1000	50.0	4	True	327	25.77567	0
220	818c39df-22d6-4136-935a-6ec2108b7ac0	True	2.5	1000	25.0	4	True	22	10.26684	0
221	ddfad443-752a-4b8c-85f5-fe831f0a7012	True	10.0	1000	125.0	2	True	249	20.413600000000002	0
222	ce89889b-223d-4e26-8351-7ba31997f446	True	20.0	1000	125.0	2	True	339	25.5898	0
223	ebf2c727-1488-476b-960e-150adce37c7a	True	20.0	1000	25.0	4	True	297	25.70165	0
224	ba5cd90f-ff7d-4bdf-8d97-1633f76631e9	False	5.0	1000	25.0	3	True	465	15.406849999999999	8519
225	8f718fc7-831b-4302-8439-1f0b41e3dacd	True	2.5	1000	50.0	2	True	31	5.13671	0
226	3b2b5033-8c0c-46fd-9902-644a57b42a29	False	2.5	1000	125.0	3	True	435	7.702590000000001	5279
227	145be250-5b9e-470d-ab94-52f8f95278f4	False	2.5	1000	50.0	2	True	399	5.13671	2684
228	42e21d21-d026-479d-ae70-f4049b0dd7cd	False	20.0	1000	25.0	2	True	639	34.581900000000005	4862
229	e4c30db2-edb1-4b81-844d-67b0210d72b8	True	10.0	1000	50.0	2	True	216	20.402099999999997	0
230	a6ff838a-f0cf-4541-a79d-66e0ab500bf7	False	2.5	1000	25.0	3	True	372	7.70424	5415
231	19fdc7f7-49b9-4801-a583-57344f951a52	False	2.5	1000	25.0	3	True	375	7.696020000000001	5844
232	14fe441c-e88f-4f2a-a851-bf1f625359ba	True	5.0	1000	50.0	2	True	120	10.27178	0
233	102a405c-c367-461f-8ec4-14513227a3f4	True	2.5	1000	50.0	3	True	43	7.702599999999999	0
234	a30c4af3-f12c-449a-b52c-2f5394cdd9a5	False	20.0	1000	125.0	2	True	697	34.7118	4911
235	96fd433c-1b4e-4283-baec-9078b77f9393	True	10.0	1000	50.0	3	True	226	22.2525	0
236	7dab4a5a-b11f-4131-9e73-f8607f4002fd	False	10.0	1000	25.0	2	True	541	20.5304	6510
237	a1d0f778-0214-49af-8fd3-15d60762c3d6	False	2.5	1000	50.0	4	True	419	9.732280000000001	5472
238	a432b38d-597a-4d35-b107-d0cd985bf3a8	True	5.0	1000	125.0	2	True	151	10.27013	0
239	72a68932-16bd-40f9-b09b-266a534f8b74	True	5.0	1000	50.0	3	True	132	15.40191	0
240	c613c9db-a24e-400c-9b1e-d3d6cc9625d6	False	2.5	1000	25.0	3	True	378	7.702599999999999	5527
241	c46298e0-5c85-4baa-8f0d-8720a4bc4196	True	5.0	1000	25.0	3	True	105	15.395340000000001	0
242	f0aff5c9-6fce-4903-bd40-730fbc5fa7d2	False	10.0	1000	25.0	2	True	543	20.5106	6681
243	93f05623-a1fe-4080-928d-75a91bc71e13	False	10.0	1000	125.0	2	True	604	20.5353	6914
244	fefffe8a-d889-489e-82b6-16a5871df5aa	True	2.5	1000	50.0	3	True	48	7.70425	0
245	ade766b4-d348-4e92-b4f4-787ef797f9a9	False	2.5	1000	125.0	2	True	428	5.13671	3281
246	c8c66e9b-50bb-4a50-8495-5d57e47a75e5	True	2.5	1000	50.0	2	True	33	5.13671	0
247	2698bacc-6e2a-4806-a070-9f89e2322b5f	True	5.0	1000	25.0	4	True	114	19.311590000000002	140
248	cecf275a-2340-4f37-9ce4-0c8f7e109999	False	5.0	1000	125.0	3	True	526	15.40192	8515
249	b12f562f-34dd-49e6-a951-9b1e75c2bbdf	False	10.0	1000	25.0	3	True	558	10.78167	5024
250	a7aec81b-820d-4169-86ee-650be33c8460	False	5.0	1000	125.0	2	True	513	10.26027	6578
251	e6a220bb-23da-42b1-a621-088b2860cfa1	False	10.0	1000	25.0	2	True	544	20.5501	6793
252	b637fe15-e7ad-4d44-9c38-c9e0b88cac57	True	20.0	1000	50.0	4	True	322	25.732889999999998	0
253	7b492f27-1960-49a7-a6ef-1961bc9b7f00	True	20.0	1000	125.0	4	True	351	25.74277	0
254	a986c36c-7ff4-46a7-96a4-a0ec73ba6109	False	5.0	1000	50.0	2	True	486	10.27014	6414
255	bcda1a8f-85c1-488c-968c-d75e334a41df	True	10.0	1000	25.0	3	True	198	22.31665	0
256	3925c7d6-1a13-42c2-898c-22d16c184529	False	10.0	1000	125.0	2	True	600	20.543599999999998	6763
257	26a3db15-776d-45c2-b86a-47ca913e497d	True	10.0	1000	125.0	4	True	261	22.37093	0
258	80218adf-b090-448d-9d03-85bf2612a8d1	True	2.5	1000	125.0	4	True	87	10.2652	0
259	06028e18-6ac5-4869-8e16-1d7011aa5d44	True	20.0	1000	50.0	3	True	318	25.838160000000002	0
260	3ef8bc63-a680-47fb-a538-876a50b89843	True	10.0	1000	25.0	2	True	187	20.4136	0
261	6148e5a4-15bc-433c-a559-2552f17bb7e6	True	10.0	1000	50.0	3	True	225	22.31664	0
262	90be0bc7-17c9-4525-975f-2f4873d380d6	False	5.0	1000	50.0	3	True	497	15.395329999999998	5577
263	02369085-95df-4019-85b5-6d74d6ca3b5c	True	10.0	1000	25.0	3	True	190	22.30513	4
264	971bb4bd-1599-435a-88cd-bbfe7cd9fbd5	True	20.0	1000	50.0	4	True	323	25.556910000000002	0
265	6e98ec60-27ac-4526-81ac-7296b25400f3	False	10.0	1000	25.0	2	True	545	20.5452	7026
266	713c543b-c3fb-4285-a6ff-3fa3311461f5	False	10.0	1000	50.0	4	True	595	9.14509	5284
267	e0688751-51ed-4512-8391-0ad15021f1fa	True	10.0	1000	125.0	3	True	253	22.33639	0
268	30361765-f962-41a4-9adf-bc45477d1bbc	False	2.5	1000	25.0	4	True	382	8.001949999999999	4944
269	7bf533fd-dc31-46a1-9b39-da84e155a30d	True	10.0	1000	125.0	4	True	266	22.390659999999997	0
270	af98267b-5560-4909-ab1b-fbef75c5da11	False	5.0	1000	25.0	3	True	464	15.403559999999999	7901
271	d5a679f8-7e0d-4bfa-b639-443fe3850d6f	False	10.0	1000	50.0	2	True	577	20.522199999999998	6491
272	f6e73d80-0c2e-43b7-8876-7519066d7b62	True	20.0	1000	25.0	3	True	286	25.83323	0
273	61824dc9-b544-4c89-b84d-e50fab4329c3	True	2.5	1000	125.0	3	True	75	7.70589	0
274	cfd5b9cb-46f8-4b43-b12e-ceb8c03e11c4	True	2.5	1000	25.0	3	True	13	7.702599999999999	0
275	d5839c3c-8f4e-455d-ab86-8f1de92b9260	True	10.0	1000	25.0	3	True	193	22.11927	40
276	465b2fcd-58d8-4f1c-8d20-5e2952f11157	False	10.0	1000	125.0	4	True	621	7.91314	4573
277	a95e9c82-6af5-4f8b-849d-d2f480e08e25	True	5.0	1000	50.0	3	True	135	15.36901	0
278	2e5ebba7-8410-43b3-9fcb-b330391500de	True	20.0	1000	50.0	3	True	312	25.75264	0
279	e862fe31-4d92-4859-a920-390ec0657d42	False	20.0	1000	50.0	3	True	677	26.18686	8945
280	992f96db-542e-4ba5-bbda-c43338095bdb	True	20.0	1000	125.0	4	True	350	25.797040000000003	0
281	73d5bec6-ed60-4b35-bdf7-46b5bfd0b3d2	False	20.0	1000	25.0	2	True	632	34.665800000000004	4961
282	d07ffce1-3131-40f2-8f28-167a036609c9	True	20.0	1000	125.0	2	True	330	25.6918	0
283	29b9ef81-dbdc-491e-8566-a5f92feed4b2	False	20.0	1000	125.0	4	True	715	9.82604	5530
284	8a22b695-8575-4962-99f5-6c3ddeea1cde	False	10.0	1000	125.0	2	True	601	20.535400000000003	6700
285	fc457ece-1ab6-44fe-9d13-48f00283ae35	True	2.5	1000	50.0	4	True	57	10.26849	0
286	7a23cda1-905b-4140-9af6-746943f24781	True	5.0	1000	25.0	4	True	115	20.204720000000002	8
287	f99cd3a2-b028-476f-996a-fb08af713afa	False	10.0	1000	25.0	3	True	556	14.65353	5057
288	0a852ca0-679c-4a7c-8fd4-cf8d456af746	True	20.0	1000	50.0	2	True	308	25.6177	0
289	bfb83c28-c453-4384-8efd-b9e1db2f8795	True	2.5	1000	125.0	2	True	66	5.13836	0
290	7c22d50a-b697-4c85-907c-6abd851ef397	True	10.0	1000	125.0	2	True	246	20.4054	0
291	a10f4790-5763-406a-ae5e-152aa8e08c3b	False	20.0	1000	125.0	4	True	719	8.77007	5158
292	7f64ac03-25ce-47e4-8116-061f0dd5ffc3	False	5.0	1000	25.0	4	True	476	10.13032	5709
293	7ad82e2b-70e0-4b55-9dee-b28725fe2bf4	True	5.0	1000	125.0	4	True	173	20.29191	0
294	053d2c81-252b-456d-8250-b637ff57f534	True	5.0	1000	50.0	2	True	123	10.26191	0
295	76183f70-bf09-499f-b9e6-98f8b1c77834	True	20.0	1000	25.0	2	True	276	25.6523	0
296	db77b032-211b-483b-b25f-d8c5e4738ae8	False	2.5	1000	125.0	3	True	437	7.70589	5475
297	42172325-8188-449a-8449-22da380a181c	True	2.5	1000	25.0	2	True	6	5.13671	13
298	0ae6913f-1a8b-47ee-8dd2-41a0d4635e47	True	5.0	1000	125.0	3	True	167	15.38546	0
299	ea2b76f2-cdff-4b6f-8e68-446a647b6371	False	2.5	1000	25.0	3	True	373	7.7026	5854
300	a9df055d-7149-4529-a872-cab18d860e3f	False	2.5	1000	50.0	3	True	402	7.70096	6100
301	ea55058d-5776-4633-bf00-298f0065649b	False	2.5	1000	50.0	2	True	394	5.13836	3110
302	1bf086c1-2bf4-43eb-b05d-8f6a4fab08c5	False	2.5	1000	125.0	3	True	433	7.70425	5162
303	4380f494-213c-484c-972b-d5128cdaca30	False	2.5	1000	125.0	4	True	445	8.350650000000002	5006
304	0d586162-9c4f-4dea-92fd-7f732ec6ba94	True	5.0	1000	25.0	3	True	103	15.40192	0
305	f0bf5afb-8502-4e1f-849d-5d16051d71d1	False	20.0	1000	25.0	4	True	655	14.678180000000001	5137
306	127407c8-5b10-4360-8b98-ec708e4ba8ab	False	10.0	1000	125.0	2	True	602	20.5419	6961
307	e8fc1694-5a56-4ec9-8137-87d775669230	False	10.0	1000	25.0	3	True	554	22.33802	7953
308	a1e6f6b1-2a33-4fc9-b1c4-42402f357ea7	False	20.0	1000	125.0	4	True	713	8.52007	4713
309	58bcc89f-0158-4501-9b23-8e8c605d9079	True	20.0	1000	50.0	3	True	311	25.82336	0
310	378b7045-a8ee-4656-ba23-cb36f6e7f91e	True	2.5	1000	125.0	2	True	65	5.13342	0
311	5d7ddd55-efe0-4a7d-aa67-c22f8424aadb	False	20.0	1000	25.0	3	True	649	25.065110000000004	8663
312	fd0cf72d-8444-4f3c-90ab-48b6326fee7f	False	2.5	1000	25.0	4	True	389	8.10886	4866
313	b5abe344-7043-46d5-ad66-470cfb0b60f8	False	5.0	1000	25.0	4	True	471	9.33589	5502
314	668ad861-0e0a-46df-a787-7d880b3fa335	False	5.0	1000	25.0	3	True	467	15.38382	8580
315	faa5dccc-8e8f-4815-9f59-4177fb5eb690	False	20.0	1000	50.0	3	True	674	22.724559999999997	8105
316	1eb47d70-abf7-4512-80ce-ba75dce97839	False	20.0	1000	50.0	4	True	688	14.844330000000001	5022
317	c7ecc284-72fd-48c9-bfb7-86fb4c3f8e90	False	5.0	1000	125.0	2	True	511	10.25533	6453
318	cce48af4-617d-47d7-818c-9d08ed843c8f	True	10.0	1000	50.0	4	True	236	22.38245	0
319	391aca14-5516-47a9-a2ec-445283c03d74	True	10.0	1000	25.0	4	True	200	21.81662	138
320	e1968afa-6576-4403-8a80-8d0eb999194c	False	2.5	1000	25.0	2	True	367	5.13506	3512
321	796fcf4d-01e2-41dd-a58a-2b3689d910d8	True	20.0	1000	125.0	3	True	340	25.811839999999997	0
322	da011608-a6bd-4be8-a014-735ded895045	False	5.0	1000	25.0	4	True	472	6.7749299999999995	4958
323	4ab4426f-5db1-4341-a67c-3a33b1ba4207	True	10.0	1000	25.0	2	True	188	19.36587	0
324	ae173e76-cfec-4622-9072-9307a7f3e667	True	20.0	1000	25.0	3	True	289	25.48785	103
325	822fa925-4e44-428f-a671-f1809004e687	True	10.0	1000	25.0	4	True	205	22.4548	0
326	7e9d36f3-3e5e-4bcc-abbb-28a5372e306e	True	2.5	1000	25.0	4	True	25	10.265189999999999	0
327	16d626ec-5e4a-4b08-9514-23cc4648c2e3	True	10.0	1000	125.0	3	True	259	22.27881	0
328	934da894-afba-40a9-9f69-16510d28dace	True	2.5	1000	125.0	4	True	85	10.256979999999999	0
329	3a2884f8-bf49-4a66-9ec0-fdd0684e2d7c	False	2.5	1000	125.0	4	True	448	6.49367	4280
330	ea99cf7a-cff8-49a1-800f-606b5578119f	False	5.0	1000	50.0	4	True	506	8.58257	5023
331	03738097-7f07-42ae-bae0-35f541ed2559	True	5.0	1000	50.0	4	True	141	20.35111	0
332	8702c950-165f-4d9c-84f4-48bb50137a0e	True	5.0	1000	50.0	2	True	125	10.26356	0
333	6185f659-ea8d-4980-b124-ae28d13e7949	False	20.0	1000	50.0	4	True	689	14.395290000000001	4901
334	f517d1a0-fbdd-4b0c-baaf-7f8719a23a55	False	2.5	1000	25.0	4	True	386	7.65818	5384
335	1803b80f-78af-4923-8f63-b94f70701aff	True	2.5	1000	125.0	4	True	83	10.25367	0
336	f1b39c43-e8bf-40b5-a258-83f86cf1b6a0	False	20.0	1000	25.0	3	True	640	24.39732	8397
337	45044cd8-ef0f-449c-852b-f78d110e0c1e	False	10.0	1000	125.0	3	True	617	20.77053	7193
338	175fa3c1-b07a-461b-b488-7d119621bdfb	False	2.5	1000	125.0	2	True	423	5.13342	3218
339	c48d1731-7bb1-4cc7-a132-16fd560382f4	False	2.5	1000	50.0	3	True	405	7.70589	5994
340	f10132a5-419e-421a-8785-15e6da682c6e	False	10.0	1000	50.0	2	True	573	20.5501	6660
341	73a244f2-bc5c-4742-baeb-fd1999ab1f1a	True	20.0	1000	50.0	2	True	307	25.6802	0
342	74cfd317-fc59-4763-8ae4-9821a6dd3346	True	20.0	1000	125.0	2	True	338	25.6671	0
343	f7042322-45b2-4efe-9a8c-aa0a0fa8fc81	False	20.0	1000	25.0	2	True	633	33.968500000000006	5148
344	c20caaec-cd2c-4ae4-9344-f7c913192156	True	10.0	1000	25.0	2	True	186	20.4202	0
345	d2e5a785-f045-4eea-b446-29f33a5ca645	True	2.5	1000	125.0	3	True	74	7.69602	0
346	b158c26e-afcd-477c-9328-9aa6c6e895cd	True	20.0	1000	50.0	4	True	329	25.783890000000003	0
347	18ef2d68-e8ac-40e6-9e16-f421c6fa48f4	False	5.0	1000	25.0	4	True	474	7.585820000000001	4461
348	d098895b-3776-4b3a-93c2-ba62cd3a4cfb	True	2.5	1000	50.0	2	True	34	5.13836	0
349	45af3d2d-8b12-4723-b478-69ccdc9403a5	True	5.0	1000	125.0	2	True	159	10.26027	0
350	a99cbd44-d67c-43aa-8186-afa694a7d491	True	20.0	1000	25.0	4	True	291	25.48782	32
351	46017691-bb39-44a9-87d1-ef743d2cbe1c	False	10.0	1000	125.0	4	True	624	8.27663	4459
352	3219ea10-0b04-47e8-8cde-652b24d08053	False	20.0	1000	50.0	3	True	676	26.06844	9077
353	ade05bcf-94d3-4449-971e-4bac79161f78	False	5.0	1000	50.0	3	True	494	15.38052	8366
354	eb46fde3-d9ca-4bad-9b1e-b29a58030b70	True	20.0	1000	125.0	2	True	336	25.6737	0
355	51ce950a-e9c2-416e-9a02-9e80396cddfc	False	5.0	1000	125.0	2	True	515	10.260259999999999	7220
356	5764d934-a472-41e9-94a4-5c42171b3353	True	10.0	1000	125.0	3	True	252	22.33968	0
357	4209dbb2-3b38-40e3-ba12-a4a2513fc819	False	2.5	1000	50.0	2	True	396	5.13836	3217
358	3af36910-664e-4318-b0dc-258194b7bf42	False	5.0	1000	50.0	3	True	491	15.39698	7680
359	0579984d-75d4-4150-bc5e-cf4f9bac0d5f	False	2.5	1000	125.0	2	True	421	5.13671	3491
360	abc79432-f138-4692-b6e3-1d5b4f5e0762	True	10.0	1000	25.0	2	True	184	20.3461	0
361	119e67b7-603b-4903-a49f-0e77ca9854b8	False	2.5	1000	25.0	2	True	369	5.13671	3443
362	a2ddad53-8436-48e0-bde7-c7b9e59daeba	True	20.0	1000	25.0	2	True	272	25.5865	0
363	ef7b44b5-2486-4e33-aae0-12f40128d7ec	True	2.5	1000	125.0	4	True	89	10.270129999999998	0
364	0fb7b669-6fc3-4cb7-adbd-a0c3b86f35e5	False	20.0	1000	50.0	2	True	664	34.5901	4934
365	5c4743db-acef-42a1-9644-3f43bfe5d5c9	True	10.0	1000	25.0	4	True	201	22.14559	37
366	a9655412-6fc7-4d13-ae2d-768462eb02cb	True	10.0	1000	50.0	4	True	230	22.38244	0
367	6183a16d-be6e-4c28-aa9d-f8100dde677f	True	20.0	1000	25.0	4	True	290	25.746039999999997	3
368	963e6cd4-84d5-402b-9ed3-f9007c5dcdf8	True	20.0	1000	50.0	2	True	309	25.6211	0
369	5de6c08a-0f6d-4d69-a24f-1b5b185d2f10	True	5.0	1000	50.0	2	True	127	10.2652	0
370	1c43da60-ad82-46a4-aa5f-76def95c04e3	True	2.5	1000	125.0	2	True	63	5.13507	0
371	9cc4729d-6bd6-49c7-89ce-a88c39d98db8	True	2.5	1000	50.0	3	True	47	7.70589	0
372	3ebe14ec-57d7-426b-b52d-2a3facb29a1e	False	5.0	1000	25.0	2	True	451	10.27343	6332
373	647cdf41-78fc-447c-9adb-3d08b5de70ca	False	20.0	1000	50.0	2	True	669	34.598299999999995	5099
374	dc451693-4efc-4cd7-b790-ac36949e88a1	True	20.0	1000	125.0	3	True	346	25.80527	0
375	e92f455d-a67a-45cc-b875-2e242e781c53	False	2.5	1000	25.0	4	True	385	8.294730000000001	4900
376	bc30cd48-9c65-4cfc-92c4-6e3be4d08f17	False	10.0	1000	25.0	4	True	569	10.02177	5753
377	40659899-d4d8-400f-a074-9c691bd2b850	False	2.5	1000	125.0	3	True	438	7.70425	5091
378	af6b9d34-ed34-4f36-9109-4edb56c019c3	True	20.0	1000	125.0	2	True	335	25.606299999999997	0
379	56336a6c-be88-4fc7-aad5-e36afe14c7e4	True	10.0	1000	125.0	4	True	262	22.43343	0
380	956e440c-694c-4c98-accb-ea894415783e	False	5.0	1000	25.0	4	True	473	7.541409999999999	4618
381	3400e5bb-7bcc-4e56-833b-c634dc509e92	False	20.0	1000	25.0	3	True	641	16.86249	4544
382	4d4d3c58-ec05-4048-b47d-b35103663630	True	5.0	1000	50.0	2	True	121	10.26685	0
383	51ece525-d889-4901-b839-de2a885b6448	False	10.0	1000	25.0	2	True	549	20.5288	6648
384	763f76a2-1fe1-4473-888b-b45fe2b24316	False	2.5	1000	125.0	2	True	429	5.13671	3112
385	2d244566-99ab-4912-b4e0-db1b2d13fe53	False	2.5	1000	125.0	4	True	444	6.707489999999999	4239
386	6a0bd721-1979-4ae4-8ee0-975930d02b0b	True	5.0	1000	25.0	3	True	104	15.40521	362
387	54d14444-edc2-41f9-8f24-b49941d9e75a	False	10.0	1000	50.0	3	True	589	21.78702	7520
388	47a61c8b-bba8-4f2f-9b76-a410fcf39cbb	False	2.5	1000	25.0	2	True	361	5.13506	3599
389	e3711bc5-6b98-4027-be4a-f6c5c995ee37	False	2.5	1000	50.0	3	True	406	7.7025999999999994	5822
390	08018013-2e39-44c9-b338-2f04b567c323	True	5.0	1000	50.0	2	True	129	10.26849	0
391	b1450b5a-fb0e-4297-ba06-1adf41ee0714	False	10.0	1000	125.0	4	True	626	9.983929999999999	5653
392	13a15659-8687-4ed2-bbba-f2411cd17f1a	True	10.0	1000	125.0	3	True	250	22.37257	0
393	25f6a145-2658-4384-88ee-3a7cc43925c7	False	10.0	1000	25.0	4	True	568	10.117170000000002	5595
394	22c90774-26d8-49f4-b1ab-562587ff216d	False	2.5	1000	125.0	3	True	434	7.702599999999999	5663
395	6651b5ac-411d-4fd2-97b9-170f123d8bd3	True	5.0	1000	25.0	2	True	95	10.27178	0
396	39b9eb19-d12b-404f-b24e-2fa09be76ad4	True	10.0	1000	50.0	2	True	214	20.462899999999998	0
397	b7680d74-d741-44cd-83e9-55b2038f9d3d	True	5.0	1000	25.0	4	True	116	20.19321	0
398	b492cdea-18f5-42ec-aad9-a0e5f4657ef7	False	2.5	1000	125.0	3	True	430	7.70096	6048
399	a00cdc98-9e30-4db4-adf6-f042b76a475b	False	10.0	1000	50.0	4	True	593	10.229000000000001	5710
400	f23772f1-99b6-4a3e-ba1f-9ed53dd78945	True	5.0	1000	125.0	4	True	170	20.26229	0
401	6cece131-ec38-41a9-88bd-5aef81c76415	True	10.0	1000	125.0	4	True	263	22.40875	0
402	a55dbf5e-4a3e-4139-843c-0bc6cf95094a	False	10.0	1000	25.0	3	True	553	22.514020000000002	7694
403	433bb5fb-769e-4ca7-ade7-53f02e407292	True	2.5	1000	50.0	4	True	55	10.26356	0
404	9cbf2233-0b40-4112-97ee-6f5acdcb2231	False	2.5	1000	25.0	2	True	368	5.13671	3145
405	b5edb3f0-2a67-402d-9986-31da20f19756	False	10.0	1000	25.0	4	True	564	11.70933	6354
406	d63700e9-de9f-4d84-bd43-b12f12d4babb	False	2.5	1000	50.0	3	True	408	7.7026	5916
407	ee450c90-f8ec-46bb-94f5-b3d3c9836229	True	2.5	1000	125.0	2	True	60	5.13836	0
408	7b9ef416-bedf-4c44-b27e-ef250131a539	False	20.0	1000	25.0	4	True	653	14.16008	5295
409	395c4b33-305c-4a00-9ac0-7f0b827a8371	True	2.5	1000	125.0	4	True	86	9.27174	0
410	77023530-3e7b-4f8e-b777-bcf0ab8f2554	True	20.0	1000	50.0	4	True	325	25.72138	0
411	93d6a4b9-5455-4c9b-9698-1bc4502d4440	True	2.5	1000	50.0	2	True	30	5.13671	0
412	6ad99fa3-6906-4c61-bee2-2bd477f47497	False	2.5	1000	25.0	3	True	370	7.584169999999999	6113
413	e65ae470-ecbf-4880-b06e-c8073c8023d1	False	5.0	1000	125.0	2	True	518	10.26849	6600
414	30d233ed-71ee-4986-96c0-0bb7c8089dc5	False	10.0	1000	25.0	4	True	563	10.04973	5627
415	85c254b7-1b78-4492-a9b6-cc9e77e49f6a	False	20.0	1000	25.0	3	True	644	25.11774	8511
416	3f699945-127a-4644-b9c8-496b0d900908	True	5.0	1000	25.0	2	True	90	10.26191	0
417	1699aea5-d458-423b-ae07-7188c4bb4fd7	True	20.0	1000	25.0	4	True	296	25.80857	0
418	a3f58be4-f295-4f2e-8c00-0b64b22b472e	False	20.0	1000	125.0	3	True	703	25.00096	8602
419	4795aa0f-c9a7-471b-99bc-8c8941a1bf2e	True	2.5	1000	25.0	4	True	27	10.25697	0
420	ecf24549-1cbd-448c-abc4-3120becc4c91	True	20.0	1000	125.0	4	True	354	25.676979999999997	0
421	5992f56d-b1b0-446d-8b86-4cae1323992c	True	20.0	1000	25.0	2	True	279	25.6375	0
422	8b5c5555-c4da-45ec-878c-6cb04f6226c7	False	5.0	1000	125.0	4	True	532	7.88517	4881
423	a697dc64-2cad-4463-8628-79bc5c04aa6b	False	5.0	1000	50.0	3	True	496	15.39369	9457
424	8c4d3bbc-5311-45e4-9084-b4c5dc47ecab	False	2.5	1000	50.0	2	True	393	5.13836	3304
425	4c92c2b8-8780-4c8b-bdcb-914a15fef0b0	True	2.5	1000	25.0	3	True	12	7.70425	66
426	2606ecd5-92cf-4193-afad-05bc39e1ab5b	True	20.0	1000	125.0	4	True	359	25.82829	0
427	1ca7744f-f7fd-4311-9e8f-f81f2dedf47e	True	10.0	1000	50.0	2	True	217	20.458	0
428	a5f9aef1-d882-4af8-af58-b00e061ffd63	True	20.0	1000	125.0	2	True	333	25.6309	0
429	23a240de-6a0b-438b-ac28-d55cf6eb8e77	False	20.0	1000	50.0	3	True	670	25.37434	8766
430	9cca94d5-4035-425a-9d48-64250561e9ba	False	2.5	1000	50.0	2	True	398	5.133419999999999	3144
431	cc6dee49-28a1-4af7-bd5b-83631ac4107f	False	10.0	1000	125.0	3	True	618	20.99752	7148
432	75811901-8291-459d-8be5-3dccad25762a	True	10.0	1000	50.0	4	True	232	22.451520000000002	0
433	8ec2e498-c666-4d51-a830-18226e1f39d2	True	10.0	1000	25.0	2	True	185	20.375799999999998	0
434	f7b2f6d9-b5f6-4107-b918-ea8c51b78a37	True	2.5	1000	25.0	2	True	3	5.13836	0
435	aaf48ee8-9fb3-4cdf-ba06-c47a73a33461	True	20.0	1000	25.0	2	True	275	25.6802	0
436	9fdd9d18-c178-49c0-b24f-28ff751a2990	False	5.0	1000	50.0	2	True	482	10.27178	7120
437	e4fb93b7-372d-45d6-af4d-1f4f3f7729e6	False	5.0	1000	125.0	2	True	516	10.2652	7120
438	cc6988b5-749e-4052-b01f-72b3c0739fd2	True	20.0	1000	50.0	2	True	301	25.683500000000002	0
439	c818e104-6690-4d03-a303-f053a41aefde	False	20.0	1000	25.0	2	True	638	34.843500000000006	5041
440	4b875c03-d47b-4a11-b16e-39cfb09315c8	False	5.0	1000	25.0	4	True	477	8.83258	5040
441	8f33989e-38dc-462f-aab2-cdcc049170ca	True	20.0	1000	25.0	3	True	280	25.83159	0
442	ea351b23-b694-4b82-93ba-2b5f521b1795	False	2.5	1000	125.0	2	True	427	5.13507	3660
443	76332741-432a-44b3-91af-e664f53240d3	True	5.0	1000	25.0	4	True	119	19.5172	45
444	9c96e772-34a8-49ef-8d2a-506021011084	False	5.0	1000	125.0	4	True	531	9.646749999999999	5654
445	5678a114-8ca0-446d-9ae1-83b6b3dc23de	True	10.0	1000	50.0	3	True	227	22.32158	0
446	cbb71619-009b-4c93-a722-9c8cb11a65b6	False	5.0	1000	125.0	3	True	522	15.061430000000001	6082
447	ee434d4c-6c2b-4911-9aba-16b8f81548a6	True	5.0	1000	50.0	3	True	134	15.4085	0
448	53ebda61-3a4a-4167-91e9-a02ba1494807	True	20.0	1000	125.0	3	True	342	25.81349	0
449	de620957-8717-48b8-bcb1-6dc63d6de3a6	False	2.5	1000	50.0	4	True	413	8.81942	5179
450	61152d78-9948-4488-9e63-377d8b6d53e1	False	5.0	1000	25.0	3	True	460	14.429829999999999	7249
451	5fd420b0-31e3-400d-b04a-32b3e6050212	False	10.0	1000	50.0	2	True	574	20.5238	6859
452	dcdef0fd-cc08-4919-a603-22b0861d60fd	True	5.0	1000	125.0	3	True	169	15.392040000000001	0
453	1eef4d0e-1f77-4813-af26-8b894afb82e2	False	2.5	1000	125.0	4	True	440	9.14839	5301
454	4ddb6519-2180-4553-9824-37bf3b9d9e92	True	10.0	1000	50.0	4	True	239	22.387369999999997	0
455	8d943690-887e-4381-84c8-ece025f744e9	True	2.5	1000	50.0	2	True	35	5.13506	0
456	969425c9-a6ac-43b2-a79d-7c5143777be7	True	20.0	1000	25.0	4	True	298	25.54704	154
457	38c7a225-6351-4e0e-af69-3bc2a450478c	False	20.0	1000	125.0	4	True	717	8.98061	5033
458	c25df615-7d1f-4191-896f-ddaf44a02d1f	False	2.5	1000	50.0	3	True	401	7.6993100000000005	6696
459	9b6e0974-280e-4f7b-9294-0d066775a92a	False	5.0	1000	125.0	3	True	520	15.12887	7062
460	63d79d2d-96a5-4c98-b46e-ff59feb19a8a	True	5.0	1000	125.0	4	True	178	20.20144	0
461	f4f84a9d-0551-4514-8826-8fbf17541c2d	True	10.0	1000	50.0	2	True	215	20.4333	0
462	0347edca-e606-4784-8a79-0b4f5fb29bac	False	5.0	1000	125.0	2	True	519	10.27178	6701
463	57111662-65fe-42b4-bda3-85955c98ebf3	True	10.0	1000	25.0	3	True	192	22.3298	0
464	ba6b4dbb-117a-4351-bfd1-f1e4b3712512	False	2.5	1000	50.0	4	True	417	8.78652	4949
465	c893cd3d-7f89-4ed9-9177-dc68899ad12e	False	5.0	1000	125.0	4	True	535	8.74375	4831
466	14698c39-afda-4fc3-87de-0be9fb44b27a	True	20.0	1000	25.0	4	True	294	25.53223	30
467	ca38e5cc-1849-4afe-9757-34e50e29c0ca	True	10.0	1000	50.0	3	True	228	22.37256	0
468	297c4473-a4bd-4862-82f4-13d99bbcd7e5	True	2.5	1000	50.0	2	True	39	5.13836	0
469	e3f2df34-f6b1-4f64-b20f-9cae41a720c4	False	5.0	1000	25.0	2	True	459	10.26685	7279
470	baa98b8e-6db2-47a1-888c-4f9a39b651db	True	20.0	1000	25.0	2	True	270	25.663800000000002	0
471	d7b2e6dc-9bbe-42ad-8f95-2fb601befaf2	False	2.5	1000	125.0	4	True	447	8.40328	4978
472	96d2f878-95b0-4668-b337-2cc121b98bbf	True	10.0	1000	125.0	3	True	257	22.32981	0
473	138e6a22-758a-4498-b436-98e4d5fbec86	True	10.0	1000	125.0	3	True	255	22.36599	0
474	6ac4a2a5-4a97-4558-b316-665acff176fd	True	20.0	1000	125.0	3	True	344	25.843110000000003	0
475	e99c992b-c64a-450c-a7fd-a6c30cb92576	True	20.0	1000	25.0	3	True	287	25.754269999999998	23
476	7d07f210-fbc8-47f2-8991-5226a898495d	False	5.0	1000	50.0	2	True	485	10.27178	6415
477	70f74b9f-15d1-4e9b-b2b2-5e5f588bda96	True	20.0	1000	25.0	2	True	277	24.880850000000002	74
478	3a591adc-3cf0-494f-8af8-88322dca3dab	False	10.0	1000	25.0	3	True	557	22.548560000000002	7682
479	2c3dcf79-3ca2-450e-84e6-6863cf91686d	False	5.0	1000	50.0	2	True	483	10.26849	6998
480	3f9d3cef-b4e1-4e3f-ab2a-f1afc0f1af94	False	20.0	1000	125.0	3	True	705	20.99259	7662
481	bdc3e703-c19d-4dbe-94df-fecdd602454a	True	10.0	1000	125.0	2	True	243	20.346200000000003	0
482	c6795347-9c49-4338-a90c-227e6749e869	False	10.0	1000	50.0	4	True	590	10.40666	5586
483	a4b269dc-2d88-4230-902a-696a59ca65b9	True	5.0	1000	25.0	3	True	102	15.400269999999999	40
484	889ad97b-05da-4194-a88e-c64b345fdcd6	True	2.5	1000	50.0	3	True	45	7.70425	0
485	7af09d5e-0277-4d92-bca1-6d084ef325e3	True	5.0	1000	50.0	4	True	140	20.30671	0
486	c963dcff-46a7-459f-95eb-8ca40d1c3571	True	5.0	1000	25.0	2	True	96	10.27014	34
487	ea9a45a0-533e-4484-86bd-2c92fd4cc903	False	10.0	1000	25.0	4	True	561	8.99048	5198
488	86201c9d-9ba5-4404-844f-0ca010705827	False	2.5	1000	125.0	3	True	431	7.7026	6114
489	242dc120-b763-42bf-9f79-db75599caae5	False	20.0	1000	25.0	3	True	647	25.5717	8833
490	63516285-f302-43e2-a3ee-a1779699198d	False	20.0	1000	25.0	2	True	634	34.7908	4942
491	9cb451ad-96ee-4bb4-bc38-c9d77ae3d3c8	True	10.0	1000	25.0	4	True	208	22.43179	28
492	2d064151-dc3a-467f-97fe-26416998e7ba	True	5.0	1000	50.0	4	True	143	20.319850000000002	0
493	4e19a6c9-b944-419c-8347-8aeed5f2ecf8	False	10.0	1000	125.0	4	True	620	9.128649999999999	5229
494	9e48e2d1-82ec-4989-b752-f75aaa30bea5	True	20.0	1000	25.0	3	True	285	25.841450000000002	0
495	f6011554-014d-4826-9468-db1d842d6085	True	2.5	1000	125.0	3	True	70	7.69438	0
496	25266401-8168-44ea-93ae-9218edc4ad69	True	2.5	1000	25.0	3	True	19	7.699309999999999	83
497	ef3cde3f-7bbd-4778-8875-48b6d5fe7dfd	True	20.0	1000	125.0	2	True	332	25.688499999999998	0
498	acbfacef-d25f-4131-be82-b70970dddb97	False	10.0	1000	50.0	4	True	594	9.97243	5383
499	0a29f52a-0f40-4aad-9064-9d110f95825d	True	5.0	1000	50.0	3	True	139	15.39533	0
500	b9f8e6cf-f55a-45c8-b180-72d03b850ed1	False	5.0	1000	50.0	3	True	492	15.3904	7597
501	75b2477c-8b31-47e0-8d69-5990eeb55392	True	20.0	1000	125.0	2	True	337	25.6573	0
502	9de10069-9993-47fd-842b-42798d3858c8	True	20.0	1000	50.0	3	True	316	25.82994	0
503	1d147120-3871-4ce4-8f8b-7f153d2f2072	False	5.0	1000	125.0	2	True	514	10.27178	6644
504	0ab9a799-818e-4ecd-ada1-3b98f7325e4a	False	5.0	1000	25.0	2	True	458	10.2652	5942
505	a647f738-4fc9-49b2-bcaa-6360e8c4cb4a	True	2.5	1000	125.0	2	True	68	5.13342	0
506	30888021-1e22-4c8c-90bb-697d6f068ba5	False	20.0	1000	50.0	4	True	681	10.43955	5781
507	8168196b-0fbe-430b-8037-48710bad947e	False	2.5	1000	50.0	3	True	400	7.699309999999999	5469
508	e617848b-be60-469e-adfe-51394fcee032	False	10.0	1000	25.0	3	True	555	19.75734	6823
509	20e5a426-7415-42ed-919a-10c595b3a33e	True	10.0	1000	25.0	4	True	204	22.14557	0
510	60ab7f3a-9856-4163-ba4d-8bffd6159f00	False	20.0	1000	25.0	3	True	645	24.25258	8415
511	97dfce45-1f0d-4a30-ab44-5460ca44e1e7	False	20.0	1000	50.0	2	True	668	34.5195	5232
512	1a334dd8-c0f0-451d-a7cd-888e6beba46c	True	2.5	1000	25.0	4	True	28	10.260259999999999	0
513	66353696-e055-4cd4-b42f-c0f6413490a6	True	20.0	1000	25.0	3	True	284	25.866120000000002	0
514	a53e8d5c-8885-4cf6-853b-798a6af9fd44	False	2.5	1000	125.0	4	True	442	9.342459999999999	5226
515	1bfea71b-0110-45bb-8797-502f696422cd	True	5.0	1000	125.0	2	True	153	10.26191	0
516	3ca48d66-842b-4657-8951-d1e1d5e9023d	True	20.0	1000	125.0	4	True	352	25.79046	0
517	14a09131-a7a2-4909-aac3-62bf2ea142b8	False	2.5	1000	125.0	3	True	436	7.70589	6426
518	3485325c-f146-4124-ac94-6b0d9fe95340	False	10.0	1000	50.0	3	True	585	21.90709	7354
519	587de8b4-f14d-4bc6-a282-02d5ff2cfbed	True	2.5	1000	125.0	4	True	88	10.252040000000001	0
520	34bd50ae-54d6-4127-b7f5-439d1107b5f7	False	10.0	1000	125.0	2	True	608	20.5387	6942
521	7af1f174-3e3c-4cbe-a505-a7082970f5c0	True	2.5	1000	25.0	4	True	24	10.25862	0
522	c3dfaa8f-ac57-4d67-9400-83871d52f7e6	True	10.0	1000	25.0	2	True	181	19.959690000000002	47
523	869821c8-855d-4029-ad57-a402467b8cdf	False	20.0	1000	25.0	4	True	659	7.95261	4670
524	de480436-8b3d-4c12-b5ce-34c3d55dea98	False	5.0	1000	25.0	2	True	455	10.26191	6211
525	951986d4-84a7-4b0b-8532-8f9e0214d3e6	True	20.0	1000	50.0	4	True	320	25.73619	0
526	2f8ac04c-38ca-4cae-9585-df937b868cfc	True	2.5	1000	25.0	2	True	4	5.13671	0
527	fff7b5e6-99d9-4d47-8c0c-31b427c9c108	True	5.0	1000	25.0	3	True	100	15.406849999999999	0
528	e79dec42-3111-4161-ad20-208be0f03325	False	5.0	1000	50.0	4	True	508	8.14177	4875
529	e997e834-d151-4936-a5d1-fb9cc16719f4	False	10.0	1000	50.0	2	True	572	20.5337	6694
530	ba86c762-95cc-4803-abae-5547161226ec	True	10.0	1000	50.0	3	True	224	22.40218	0
531	f5d0e958-9212-4a2e-a3f5-5b6cd30713aa	False	20.0	1000	50.0	2	True	665	34.378	4987
532	6b4da2e8-e986-4ca5-9bfc-cc9e61f9e32b	True	10.0	1000	125.0	3	True	251	22.41863	0
533	f278827f-936c-4d2d-86a9-fc3f8ed32f17	False	2.5	1000	125.0	2	True	426	5.13836	3089
534	6576bffd-38fd-4837-9e97-4a74d0ea0970	True	2.5	1000	25.0	2	True	7	5.13836	2
535	09b03196-470e-47b3-a0fa-fe83831d5fff	True	5.0	1000	125.0	3	True	160	15.388759999999998	0
536	147208c4-08ce-4e68-97b2-6f563fec7eca	False	20.0	1000	125.0	2	True	699	34.6888	5048
537	4850cc2b-e950-4869-a2fd-b31956246757	False	10.0	1000	50.0	3	True	583	24.0075	8165
538	b2aab266-d050-49ab-9d22-b67bb78f4b5d	False	2.5	1000	25.0	2	True	366	5.11862	3128
539	db10ee87-f0c4-4bc0-a9dd-aae911933416	True	20.0	1000	125.0	3	True	343	25.87764	0
540	33b1ab4f-520c-4975-b08b-e69a1246f26c	True	10.0	1000	125.0	3	True	256	22.3446	0
541	c20c028f-e3a9-4849-86ec-0565b762faa0	True	2.5	1000	50.0	2	True	37	5.13506	0
542	f248e016-b94f-49ed-aa7d-38ad67370b72	False	5.0	1000	50.0	3	True	490	15.400269999999999	7359
543	b8b1260a-53a4-41ed-8534-ffec16c4fae6	True	5.0	1000	25.0	2	True	93	10.25533	0
544	1f6293e0-a18f-4ef7-ad6f-7c70cf850ad2	False	10.0	1000	25.0	3	True	551	20.57974	7159
545	bff0fc4b-38dd-46e9-a728-c7efea542d5d	False	10.0	1000	50.0	3	True	582	21.60774	7337
546	d36bea56-8248-47db-ac4a-385afc13d24d	True	5.0	1000	125.0	2	True	157	10.27014	0
547	ce651a12-85ff-4963-b306-0792b6ca62c8	False	10.0	1000	50.0	4	True	591	8.70592	4788
548	3f3357b0-209f-4f4f-a804-d8712037825c	False	10.0	1000	125.0	3	True	612	22.31172	7787
549	6d07dbba-df36-415f-b1dd-5960b47d40c1	False	20.0	1000	25.0	3	True	646	24.36607	8471
550	ea3f5dfc-fe00-4ea1-93b5-841e667b982e	True	10.0	1000	50.0	2	True	210	20.438299999999998	0
551	129300ef-7591-4bcb-9e67-4e9177db13b0	False	2.5	1000	125.0	4	True	443	7.1548799999999995	4284
552	ebe93741-5bf4-471b-8891-bf8bc2ad4ba3	False	10.0	1000	50.0	3	True	587	22.389020000000002	7875
553	067b23b1-0eb8-464a-81a4-a88e7f7a4563	False	10.0	1000	125.0	2	True	606	20.509	6874
554	cc138435-07bc-4fb7-b3e4-68c01a30acb7	True	2.5	1000	125.0	2	True	67	5.13506	0
555	a32bc4c4-7994-4d83-88de-74fe1a4ed763	False	5.0	1000	50.0	4	True	505	8.335840000000001	5070
556	f353136a-5a9b-4aef-87c6-b78bda8ad01a	False	5.0	1000	50.0	2	True	481	10.27013	6281
557	5242668b-9ca3-46ee-8ff5-59ac343a707e	False	20.0	1000	50.0	2	True	661	35.1477	4709
558	5d163ed9-3f30-4473-9c2e-833036d1f677	True	2.5	1000	50.0	4	True	51	10.24217	0
559	a196fc98-3124-4812-b7e2-99cbb31e2272	True	5.0	1000	50.0	4	True	148	20.21624	0
560	29edd158-590e-443b-8693-b865e5f9f844	True	2.5	1000	50.0	4	True	53	10.2652	0
561	534787dc-1020-4c53-b652-e651696713fc	False	2.5	1000	125.0	4	True	441	7.817740000000001	4508
562	f6ace11a-0337-43f2-9b06-9ba9a74011ca	False	2.5	1000	25.0	2	True	365	5.13836	4142
563	c218ca4f-35c7-44ff-9c60-228a90bb7c11	False	5.0	1000	25.0	3	True	466	15.388750000000002	9177
564	e938efc0-4fc4-4f41-97e4-bab16022cf85	True	5.0	1000	50.0	4	True	145	20.24749	0
565	85798011-0123-42c6-86dd-2abfddb2b933	False	10.0	1000	125.0	3	True	619	20.57645	7253
566	995247d8-6376-4f3f-82e2-de72e6b4b849	True	20.0	1000	25.0	2	True	278	25.626	0
567	4c44955a-d803-452b-8d6d-43dd742a492c	False	5.0	1000	125.0	2	True	517	10.25533	6098
568	62e0d709-2474-4e3b-8556-f2f1193d4fac	True	2.5	1000	50.0	3	True	49	7.7026	0
569	569f0283-2a36-424a-9c4f-1bec902b53b3	False	2.5	1000	25.0	4	True	383	7.76017	4676
570	ab8f835b-165a-4798-bac0-9017fb4b3c9c	True	2.5	1000	50.0	4	True	50	10.270129999999998	0
571	b83f5055-d6ef-4059-8bf3-abe1cde55394	True	20.0	1000	125.0	4	True	353	25.86283	0
572	6b62d8a8-51bc-416e-89c1-4b5268bbfe9d	False	10.0	1000	50.0	2	True	579	20.5288	6762
573	cabaf74b-31ad-4759-be32-e765de6d4b75	False	5.0	1000	125.0	4	True	534	7.73385	4750
574	58497778-febf-4cf1-9f6c-c40264e5f6e6	True	10.0	1000	125.0	3	True	258	22.311709999999998	0
575	61c7c39f-4138-4efd-b972-7df47fdc1f9c	False	5.0	1000	25.0	3	True	461	15.39369	7467
576	116b7f5e-0c97-4dcf-ad3a-41915d91f072	False	10.0	1000	25.0	2	True	548	20.5387	6987
577	a10faa45-3826-4ff5-90b2-3d9c6128db46	True	2.5	1000	50.0	2	True	32	5.13836	0
578	afdbb0b7-42c0-4734-9362-2cf8a7904602	False	2.5	1000	25.0	4	True	381	7.67958	5389
579	607bf1fd-33c5-4e8b-b7ee-70e356a95806	False	2.5	1000	50.0	3	True	407	7.70425	5576
580	273a34dc-0d67-4e14-8d2b-1dd8ab1f933d	True	20.0	1000	125.0	3	True	341	25.82666	0
581	f1100c1e-4e40-4f79-87e5-7a574cebfa88	False	20.0	1000	125.0	3	True	709	24.64239	8632
582	e010f6d2-e3f9-48e3-b393-d1a57893296c	True	2.5	1000	50.0	3	True	46	7.7026	0
583	4daa792d-a3cc-4c71-9ea5-a005abfe6a63	True	20.0	1000	50.0	3	True	314	25.834869999999995	0
584	de1172dc-fb80-4fa1-9723-433d00247909	False	5.0	1000	25.0	2	True	453	9.75531	5824
585	52cf0620-a08b-45e7-aa90-d4ccecb67856	False	5.0	1000	125.0	3	True	521	15.39698	6449
586	14e7bdbb-0ad4-41a7-95fe-8f180d8310f6	False	20.0	1000	50.0	2	True	662	34.48	5025
587	4ca7d2f0-a96d-4d59-8511-ecb61bc1bd38	True	5.0	1000	25.0	3	True	108	15.39698	0
588	a0de1542-fcff-4bce-8871-23333e452f10	False	5.0	1000	25.0	4	True	475	9.3803	5520
589	b7b5b772-c513-486b-9616-fa5122d8dc4c	True	10.0	1000	125.0	4	True	265	22.47619	0
590	d03dd202-047b-4ac1-8f4b-5bec11b06011	True	2.5	1000	25.0	4	True	20	10.261909999999999	0
591	86281d99-4299-42d0-a6f2-b42aa1feb332	False	20.0	1000	25.0	4	True	656	9.87537	5539
592	910be191-44cd-4a1c-97c4-4f9ec940b0c6	True	5.0	1000	25.0	2	True	92	10.27178	0
593	2d3a1fc1-e85e-4561-9d6e-902249b672e2	False	20.0	1000	125.0	3	True	701	26.08489	8902
594	29fc0bb0-f0cd-485d-8ef9-7a90b5f2f43c	False	20.0	1000	125.0	2	True	696	34.8368	4846
595	c8c0760a-0204-4cce-b101-46211baa2c63	True	20.0	1000	50.0	3	True	315	25.84145	0
596	d7f47e75-e76f-493d-ae88-4b54d461373e	False	20.0	1000	50.0	2	True	663	34.706999999999994	4917
597	5f65e12e-4a16-4175-b8ff-e7b8c5bc2335	False	20.0	1000	50.0	2	True	667	34.6576	5076
598	1305e7fc-c29a-429d-ab48-89c0b55088be	False	5.0	1000	50.0	2	True	489	10.26356	7280
599	4c137a4d-3009-429f-bd3f-7b5be3ae6eb6	False	5.0	1000	125.0	2	True	510	10.26191	6159
600	04a9d2af-8d45-4055-832b-0af85aad7a9a	False	5.0	1000	50.0	3	True	499	15.39369	8481
601	a5c9a8d6-acee-4064-8c3c-931563bdb692	False	20.0	1000	125.0	2	True	691	34.484899999999996	4965
602	a1b9582c-5967-4298-a294-90cce6a8fa03	False	10.0	1000	125.0	3	True	615	22.4877	7605
603	dd810127-3dbf-4e51-ae47-fcc50ab3a27c	False	2.5	1000	50.0	2	True	391	5.1317699999999995	3353
604	49f43dd5-d97e-4068-a49b-6fcab31213a2	False	10.0	1000	125.0	4	True	623	8.42467	4715
605	0a047487-050f-466d-b587-2f3d20dd71f8	True	5.0	1000	50.0	4	True	149	20.2294	0
606	f3440397-7998-4dcd-8238-5dc5494fa8ca	True	5.0	1000	125.0	2	True	150	10.26849	0
607	d1f800a4-1422-4529-b0ad-379455518c70	True	10.0	1000	25.0	2	True	189	20.4514	0
608	de68a0ee-b8c2-44f4-8204-e4a349eb54e3	True	20.0	1000	25.0	2	True	271	25.642400000000002	0
609	66dd1db2-9c3a-4c90-93f7-a510dddaa17c	False	10.0	1000	50.0	3	True	586	20.83468	7063
610	82809ed4-fa61-4f90-a524-e6ea57f1c559	True	5.0	1000	50.0	2	True	128	10.2652	0
611	a0e125fc-e2f0-4b6a-8e68-53100bda8e4a	False	20.0	1000	125.0	4	True	712	9.49708	5592
612	982a0422-1cc1-434d-a604-311044690cbc	False	20.0	1000	125.0	4	True	718	8.14834	4832
613	83366479-c17b-4ab0-86ea-ba1cb192eaa2	False	20.0	1000	125.0	2	True	693	34.879599999999996	5029
614	14269b03-62b2-47cd-abb9-b1c1768f3231	True	20.0	1000	50.0	4	True	326	25.813489999999998	0
615	568993d5-fb51-476d-953d-e201904e6228	True	20.0	1000	125.0	4	True	358	25.778950000000002	0
616	3993fa54-155c-4276-9b27-d297f04b6d91	True	2.5	1000	125.0	4	True	82	10.255329999999999	0
617	138eaccd-367a-4250-a08b-023cb749e9dd	False	10.0	1000	125.0	3	True	610	21.54523	7159
618	f3fce07f-34c3-4ee9-bfb9-febb00bd20d4	False	20.0	1000	125.0	3	True	700	25.538819999999998	8091
619	f8d2f1c1-79ce-419e-a449-4f179204a64d	True	5.0	1000	50.0	3	True	138	15.395329999999998	0
620	ecf51ac9-e7a9-40f3-9381-8b7637501780	True	5.0	1000	25.0	3	True	109	15.403559999999999	0
621	c0dc987c-94e3-4513-b5a4-b625a1951bc3	True	5.0	1000	50.0	4	True	147	20.37415	0
622	005d7942-8b6e-42a3-8b00-a0eaf6e8a274	True	2.5	1000	50.0	4	True	59	10.26191	0
623	7f89026d-eb51-4d4b-b61d-f640d0800431	True	20.0	1000	50.0	2	True	303	25.6918	0
624	703c0b04-4bb7-4749-84f7-9a471456c34b	False	5.0	1000	50.0	4	True	509	7.96413	4660
625	aa5c3359-3275-405b-93b3-967681ff5f4b	True	20.0	1000	25.0	3	True	283	25.762500000000003	32
626	ff0d99f6-7117-4e26-abd7-d1d1d89789b5	True	2.5	1000	50.0	3	True	41	7.70754	0
627	2eccc72a-79a9-4f61-ba6f-d90052dbc9a5	True	5.0	1000	125.0	3	True	168	15.395329999999998	0
628	f086875b-7bff-4c7d-9816-967762953d56	True	5.0	1000	25.0	3	True	106	15.375589999999999	112
629	e66acd4e-faed-46b4-8e42-28fbe3b61040	True	5.0	1000	50.0	2	True	122	10.26849	0
630	545d4c59-9b8c-49c1-b1f7-8ebdd7eab48f	True	5.0	1000	25.0	4	True	113	19.91853	68
631	ed5c6621-98c7-4814-a72e-5aea92ae83ce	True	2.5	1000	125.0	3	True	76	7.70754	0
632	8d03a54b-c675-4643-a49c-6754455b8b13	False	10.0	1000	125.0	4	True	622	9.32273	5388
633	347898ad-531f-4df8-b4d5-47137083c39b	True	2.5	1000	25.0	4	True	26	10.27343	0
634	97bb84a3-baa4-42ea-b678-409a6f8fa67e	False	2.5	1000	25.0	3	True	376	7.5447	5890
635	e51fcfaf-d044-4e02-a4d6-028529072406	True	20.0	1000	125.0	3	True	348	25.81349	0
636	a7ea0a71-824a-41a7-80ef-62c9e8806724	False	20.0	1000	50.0	4	True	682	10.13033	5788
637	409bb3e5-e85d-4d78-8ee8-8ab2b0d21cdb	False	2.5	1000	125.0	2	True	420	5.13836	3370
638	ce8644fc-70e7-483d-86f4-925d9a0987e9	False	20.0	1000	125.0	4	True	716	8.50362	5032
639	0850d75a-7ecf-4682-bdf2-2719155d4484	False	10.0	1000	125.0	3	True	611	22.6127	7717
640	1d114a10-3ba3-4aaf-b689-53f7122fa45d	False	10.0	1000	25.0	2	True	546	20.5288	6885
641	6e3a3cc5-cc52-44c3-94c6-d4e0b3c62186	True	5.0	1000	25.0	2	True	91	10.27343	0
642	5d60ac07-3ae0-48f4-b4ff-ea1ce91b4353	True	10.0	1000	125.0	2	True	244	20.4548	0
643	8b746c53-76e5-4af9-bfa1-29bb07560208	True	2.5	1000	25.0	2	True	2	5.13836	0
644	747c5296-ce98-429c-97f7-ff3de49d485f	True	10.0	1000	50.0	2	True	211	20.4317	0
645	69207e78-720c-4ae1-b7f0-4792d3d4a654	False	5.0	1000	125.0	3	True	529	15.104199999999999	5589
646	f0d3de1a-2537-440b-b8a7-729dca4b7a38	False	10.0	1000	25.0	4	True	567	10.612250000000001	5580
647	7f2ac0b2-f20a-4f96-8a18-ad55136e1855	False	2.5	1000	25.0	2	True	364	5.13671	3642
648	06bc4387-2ed5-4cf9-81c3-fb51aca56a42	True	10.0	1000	50.0	2	True	219	20.4465	0
649	0816a4f6-6775-4b53-a32f-72baadf8262c	True	5.0	1000	125.0	2	True	158	10.26684	0
650	cce4f424-e81b-4dae-9324-897b52f23951	True	10.0	1000	25.0	3	True	194	21.796889999999998	54
651	2e980c26-3843-4cde-a24e-51257af714d9	True	20.0	1000	25.0	3	True	282	25.573349999999998	90
652	dd53099a-6ec4-4e4d-a506-922c27554148	False	5.0	1000	125.0	3	True	528	15.38382	9128
653	cdf525a8-a571-4a9e-a1d0-b3eaf816fa8c	False	20.0	1000	50.0	2	True	660	34.359899999999996	5102
654	e55250cb-b96b-4309-955c-71b1217eeba9	False	2.5	1000	50.0	2	True	397	5.13506	2878
655	1d3e7add-4617-4d35-a69f-4a0f96bae9fb	True	20.0	1000	50.0	2	True	306	25.709899999999998	0
656	54c001b1-a8e7-4480-b745-622be6983aa8	False	2.5	1000	25.0	4	True	387	7.07593	4424
657	caa82741-8e46-466e-ae6b-5df48a9bb62b	True	10.0	1000	125.0	4	True	267	22.49099	0
658	1c6bf80a-6f68-4dfc-9ba6-1df77b14c82d	False	10.0	1000	50.0	4	True	596	9.37536	4880
659	cb0ed7d2-910d-4f65-b0dd-99e9f6147d03	True	10.0	1000	25.0	4	True	207	22.17848	47
660	d0ef2f47-46ba-44f4-8518-ebfbc6b32b83	False	2.5	1000	50.0	4	True	416	7.11376	4343
661	77483df8-28f7-4d47-9378-d097d96b662f	True	20.0	1000	50.0	3	True	317	25.861189999999997	0
662	80476e5c-2095-471e-9e58-491ad5b3534b	False	10.0	1000	25.0	4	True	560	9.63523	5424
663	2d2211ac-b143-428f-9152-8c4a5b17afd8	True	5.0	1000	125.0	3	True	164	15.406849999999999	0
664	3417884e-500a-4b24-a796-7c8bac1e0ee7	True	2.5	1000	25.0	2	True	0	5.13836	0
665	87e5ce6d-4971-453b-92b4-cd85ad02cead	False	10.0	1000	50.0	2	True	578	20.5419	7041
666	e11910d3-efcd-4da6-913c-9c604f1d7239	True	5.0	1000	125.0	3	True	165	15.39698	0
667	9acc60b3-76b9-45e2-b1bd-ae2966d5c1e8	True	20.0	1000	25.0	4	True	293	25.81677	0
668	811267e6-c627-4dc2-add9-77883e62c285	True	5.0	1000	125.0	3	True	166	15.38875	0
669	a5e69c94-7381-42a3-bd3a-f0b4a83aa051	False	5.0	1000	25.0	3	True	468	15.395329999999998	6145
670	3c7178a1-fa4b-4a2f-824c-fc4db293b5be	True	2.5	1000	50.0	4	True	54	10.270129999999998	0
671	11004168-603b-44b5-a2f0-6eac81980d44	False	2.5	1000	50.0	4	True	414	7.33251	4444
672	48114998-5d8f-44d2-ad39-b77ecaa161e0	False	10.0	1000	25.0	2	True	547	20.5304	6596
673	6d709565-e947-4202-847b-96fe4b17bf9c	False	2.5	1000	50.0	2	True	395	5.13671	4068
674	adeda60f-e533-45e2-a80e-335fb1529900	True	5.0	1000	25.0	2	True	97	10.256979999999999	10
675	7a748a5a-619e-451c-b59a-0bc6fd1b2398	False	20.0	1000	50.0	4	True	686	8.849029999999999	4874
676	55d1c82c-01dc-49df-b71a-6bd7437f3548	True	2.5	1000	125.0	2	True	69	5.13671	0
677	53bc449f-5a24-47f3-b727-62661c74de05	True	2.5	1000	50.0	3	True	42	7.70754	0
678	555be18a-196a-460a-911c-ce43d65cd107	False	5.0	1000	50.0	4	True	502	7.49865	4514
679	9f87c900-9ead-40f7-a528-f85ad3ef29e5	True	20.0	1000	125.0	3	True	349	25.79539	0
680	2de3e29f-0db4-4d96-a1a0-4c6033368baf	True	10.0	1000	125.0	2	True	248	20.413600000000002	0
681	1594f2ee-8492-4460-8235-f24d527cc4e0	True	10.0	1000	25.0	3	True	199	22.298550000000002	0
682	e675c1d3-2168-4508-ade0-acef32605846	True	5.0	1000	125.0	4	True	179	20.132350000000002	0
683	adb6995c-59aa-4fa3-8cf3-25213011df1d	False	2.5	1000	25.0	2	True	362	5.13836	3342
684	d6054ac7-b2e8-4ee2-9cc3-4acfcc827e9f	True	2.5	1000	25.0	3	True	18	7.69602	0
685	2dbf6432-1df5-4108-a685-300925766ba8	False	2.5	1000	25.0	3	True	371	7.70424	5661
686	01c9ad0c-1c57-4ac9-bd4c-ef637f2864cd	True	20.0	1000	50.0	2	True	302	25.6951	0
687	e305d3f0-699a-4802-97cc-c83b3fdb66d5	True	5.0	1000	125.0	4	True	172	20.02873	0
688	777923bd-f288-4af1-bb72-b789d452c5e9	False	20.0	1000	125.0	2	True	690	33.9536	4738
689	1bcb0f7a-169c-424d-aae8-52dc9b5fe3e4	False	20.0	1000	125.0	2	True	695	34.5128	5206
690	9c5edd08-a4c9-483d-818d-bd18ad4663ae	False	2.5	1000	25.0	4	True	384	8.35558	4944
691	61c27742-21c2-4d05-a8e1-5134348af98c	True	20.0	1000	50.0	3	True	310	25.73783	0
692	f84b958a-b599-4404-8a8c-53ae82ac5d66	False	5.0	1000	125.0	3	True	524	15.410139999999998	7967
693	7f81db12-37e0-49eb-bb07-ca4559bd66bd	True	10.0	1000	50.0	4	True	234	22.38736	0
694	c7146453-855f-4a02-a28c-36a5b24db4ab	False	10.0	1000	25.0	4	True	562	10.49053	5657
695	bb7691bd-c1d5-4438-a55a-2921f4bce5c0	False	10.0	1000	50.0	2	True	570	20.5287	6694
696	39c39acd-9be6-484f-9682-0bb242f532b6	False	20.0	1000	125.0	2	True	694	34.9405	4854
697	7fe6ad3e-18eb-40c1-a38c-7c1584209b74	True	5.0	1000	125.0	4	True	176	20.38565	0
698	cf667f31-1789-433c-ae34-7b83d4a73538	True	10.0	1000	50.0	3	True	222	22.26567	0
699	2da7c3b2-db18-4df9-9334-d204e35a16bb	False	5.0	1000	50.0	2	True	480	10.27343	5512
700	2b824100-c9a6-44c8-bf61-ce3f52c1a059	False	5.0	1000	125.0	2	True	512	10.26684	6455
701	110ba3a1-dc31-4b1d-a103-29f5666b5c47	False	10.0	1000	50.0	3	True	588	18.16846	6654
702	138dfc89-9abe-4887-a86e-0b331785c921	True	2.5	1000	25.0	4	True	23	10.255329999999999	0
703	a7cb454b-5c5f-4442-89a9-341c718ae6c2	True	10.0	1000	125.0	4	True	260	22.420270000000002	0
704	0e154f61-d946-41fa-9a45-78b1aa41852d	True	20.0	1000	125.0	3	True	347	25.84968	0
705	761a791f-5900-4b43-95f9-417b74f2e1dd	True	5.0	1000	50.0	3	True	136	15.39369	0
706	6e0e7b28-6765-4dc2-bd62-0462f8633367	False	2.5	1000	125.0	2	True	424	5.13342	3526
707	061e6a18-8961-4808-b70d-fe4ef1d69295	False	5.0	1000	50.0	4	True	500	9.08423	5343
708	ced807b8-d666-417f-9a56-8dc8002db591	True	10.0	1000	50.0	2	True	213	20.4399	0
709	8df8bbcb-ceff-4208-9eb1-56616d135cdb	True	5.0	1000	25.0	2	True	94	10.27178	0
710	07c56bf3-667e-4196-b608-58db2dbd873a	False	2.5	1000	50.0	3	True	409	7.702599999999999	5640
711	9a7248db-617b-4690-ae9a-bb4c9c801547	False	20.0	1000	50.0	2	True	666	34.925700000000006	4901
712	a80315b2-77bc-4c19-84a2-48614ca806b3	True	2.5	1000	125.0	3	True	79	7.6976700000000005	0
713	bb943f8a-3487-47a1-abda-2ba3853cb783	True	2.5	1000	50.0	4	True	56	10.256969999999999	0
714	49787202-97ec-4035-a61b-5ff44a3f1758	True	2.5	1000	25.0	4	True	29	10.26027	0
715	9bc4b0a8-53f3-49e0-bdf0-2aa09de5e5c3	False	20.0	1000	25.0	3	True	648	26.11284	8944
716	08984bde-0c40-48dc-a132-121fc616c9e5	True	5.0	1000	125.0	2	True	154	10.27014	0
717	dea9dd84-d590-45d8-966e-08e13fa95e1f	True	2.5	1000	125.0	4	True	84	10.27343	0
718	dcbb6099-4ea9-482e-a21a-014f1f611ef6	True	10.0	1000	25.0	3	True	196	22.31007	0
719	f136bdc5-3d1e-4df5-9daf-e580a6c26de7	True	10.0	1000	50.0	4	True	231	22.35284	0
